predicted_types,actual_types,inference_time,shas,precision,recall,f1,exact_match,hamming_loss,context_len,with_message,concern_count
"[""fix""]","[""test""]",1.0078262859024107,"[""7c48976f943e1e9b5850967b6f2963a205476ded""]",0.0,0.0,0.0,False,0.2857142857142857,12288,True,1
"[""refactor""]","[""refactor""]",1.1585466573014855,"[""5748ff57ebafe94c4979eafa790d9a84812ca440""]",1.0,1.0,1.0,True,0.0,12288,True,1
"[""docs""]","[""docs""]",0.7138444660231471,"[""be8dd55c2179a1743ddbda56b5e88a1a89c92bcc""]",1.0,1.0,1.0,True,0.0,12288,True,1
"[""feat""]","[""feat""]",0.6165772927924991,"[""15b8e4bc9349ce017f65e10b95cae48b0aa11828""]",1.0,1.0,1.0,True,0.0,12288,True,1
"[""build""]","[""build""]",0.8588233818300068,"[""37b1cbfd3d2c462ef4f2a131e4172c38dc8d9ddf""]",1.0,1.0,1.0,True,0.0,12288,True,1
"[""ci""]","[""ci""]",0.5956654120236635,"[""8d2e23bde626eaed6e5b13384cc7ac38bab5ea66""]",1.0,1.0,1.0,True,0.0,12288,True,1
"[""fix""]","[""fix""]",1.0377394193783402,"[""44ac09d356fa02bdbb840638846f7a7500700d23""]",1.0,1.0,1.0,True,0.0,12288,True,1
"[""ci""]","[""ci""]",0.611463937908411,"[""be44bbdeb52c6025e81c99528ed7b0d932c5be18""]",1.0,1.0,1.0,True,0.0,12288,True,1
"[""build""]","[""build""]",0.5824461239390075,"[""b7e38fb62aa6e8a30d72dec063b1adccd089d0aa""]",1.0,1.0,1.0,True,0.0,12288,True,1
"[""feat""]","[""refactor""]",2.5378462788648903,"[""3e0e30ecebaf23f0c36fa4811426f8f4e0057cfe""]",0.0,0.0,0.0,False,0.2857142857142857,12288,True,1
"[""feat""]","[""feat""]",2.1830532089807093,"[""293f301a4bb248799c467d1fef413ed3909f47a4""]",1.0,1.0,1.0,True,0.0,12288,True,1
"[""test""]","[""test""]",0.7636127858422697,"[""6c7398993bc567ec84e4573b6ededbf50b1ef606""]",1.0,1.0,1.0,True,0.0,12288,True,1
"[""docs""]","[""docs""]",0.5477409372106194,"[""036a0ff49a7dade0e04c9c07071a1ff49133ee24""]",1.0,1.0,1.0,True,0.0,12288,True,1
"[""fix""]","[""fix""]",0.7626314382068813,"[""73b8948ea1d49e05ae8c63b17926eda4cb04e9bb""]",1.0,1.0,1.0,True,0.0,12288,True,1
"[""build""]","[""fix""]",0.5888954079709947,"[""ccd1946a375e2ac10c3c591b04a435c4bc5170c2""]",0.0,0.0,0.0,False,0.2857142857142857,12288,True,1
"[""feat""]","[""feat""]",2.5464965156279504,"[""542f0cad5337de15428f0b6567ce4efd20a19a48""]",1.0,1.0,1.0,True,0.0,12288,True,1
"[""build""]","[""build""]",0.7135761543177068,"[""4ab28fc2e63e975a0c77e18ae644f34fa5f8771a""]",1.0,1.0,1.0,True,0.0,12288,True,1
"[""build""]","[""ci""]",0.5900737158954144,"[""b7b9c23698e7238eda26a1135018625181badd82""]",0.0,0.0,0.0,False,0.2857142857142857,12288,True,1
"[""refactor""]","[""refactor""]",0.6345701850950718,"[""190aef43fd30e693af822c176f9b686591568719""]",1.0,1.0,1.0,True,0.0,12288,True,1
"[""test""]","[""test""]",0.7473316229879856,"[""960af3a1c31fe2b5ab32e580089f67c9da816fcc""]",1.0,1.0,1.0,True,0.0,12288,True,1
"[""docs""]","[""docs""]",0.5553748882375658,"[""527e0abd0f88cb3ae2dc1a6ec7a62c241250444d""]",1.0,1.0,1.0,True,0.0,12288,True,1
"[""docs""]","[""docs""]",0.6609653448686004,"[""ee7cc5d5a940fba774e715b1f029c6361110b108""]",1.0,1.0,1.0,True,0.0,12288,True,1
"[""feat""]","[""feat""]",2.6951268929988146,"[""8a954673531d6935f5517535b9068639ed5cff0d""]",1.0,1.0,1.0,True,0.0,12288,True,1
"[""refactor""]","[""refactor""]",0.8064147341065109,"[""0e4ede620dd9a2cdc13ab9cc6da05577b39fddb8""]",1.0,1.0,1.0,True,0.0,12288,True,1
"[""build""]","[""build""]",0.6859380952082574,"[""ecc481f9f501aa34b41e06e7bbdde6e79f8ca1bb""]",1.0,1.0,1.0,True,0.0,12288,True,1
"[""build""]","[""ci""]",0.5524443248286843,"[""bda1822851d9be04f0d39f2213d1e2066eb115c8""]",0.0,0.0,0.0,False,0.2857142857142857,12288,True,1
"[""test""]","[""test""]",0.5879277922213078,"[""7df6b872b9c820a35572b926d2496460a4c8b24a""]",1.0,1.0,1.0,True,0.0,12288,True,1
"[""fix""]","[""fix""]",0.547136940062046,"[""c4d9e5023fa0f88ba283b37da27677ceda1cbfbb""]",1.0,1.0,1.0,True,0.0,12288,True,1
"[""fix""]","[""fix""]",1.5869518220424652,"[""0d43299ccee2b2e018fae24896c45d8d8be66bc6""]",1.0,1.0,1.0,True,0.0,12288,True,1
"[""test""]","[""test""]",4.074921456165612,"[""90a48c74f6faa0829d3809f739a42c0133e63ae0""]",1.0,1.0,1.0,True,0.0,12288,True,1
"[""refactor""]","[""refactor""]",0.7335933898575604,"[""e8a8edadc5c25d6410462b89a48e0602e0cbbc7f""]",1.0,1.0,1.0,True,0.0,12288,True,1
"[""docs""]","[""docs""]",0.5480033070780337,"[""9849430b11b92ae58d94cfe4d0b06313c7eab550""]",1.0,1.0,1.0,True,0.0,12288,True,1
"[""build""]","[""build""]",0.7642596419900656,"[""45bbdaba1490a3216decb2c1a88b8f7041a3d505""]",1.0,1.0,1.0,True,0.0,12288,True,1
"[""feat""]","[""feat""]",0.5926651037298143,"[""1ae8bf1195b197daa80ba6e45360f8b894364cd4""]",1.0,1.0,1.0,True,0.0,12288,True,1
"[""ci""]","[""ci""]",0.765287168789655,"[""976c34b6fdc32a7f3337f98e67a7c9e4ee9e793e""]",1.0,1.0,1.0,True,0.0,12288,True,1
"[""refactor""]","[""refactor""]",0.7227815673686564,"[""1c8ff5cf2feb3ce0b7d0fbfc43be8d20f5b73287""]",1.0,1.0,1.0,True,0.0,12288,True,1
"[""docs""]","[""docs""]",0.6128890933468938,"[""e50a61d63755a4a955c2a6535a865773e2ac01d5""]",1.0,1.0,1.0,True,0.0,12288,True,1
"[""build""]","[""test""]",0.5896905581466854,"[""076b9f5efc109b481074a81957e24ce9f4a69f08""]",0.0,0.0,0.0,False,0.2857142857142857,12288,True,1
"[""build""]","[""build""]",1.2032932341098785,"[""b2415c4d3de7b5d6da47668a3de630c07b30b300""]",1.0,1.0,1.0,True,0.0,12288,True,1
"[""fix""]","[""fix""]",0.7615484343841672,"[""a81bbb83d64867f08c4d1be10919ef6806a1bf51""]",1.0,1.0,1.0,True,0.0,12288,True,1
"[""feat""]","[""feat""]",1.239939705003053,"[""3730075261bc81df68f9d10f12a2d6bbffd8493c""]",1.0,1.0,1.0,True,0.0,12288,True,1
"[""ci""]","[""ci""]",0.671299384906888,"[""db55dae208e4807898e6c747cefdf9bfcb4fd08c""]",1.0,1.0,1.0,True,0.0,12288,True,1
"[""docs""]","[""docs""]",1.3052656571380794,"[""dfab97842fe78fb8f217a5185fb6ec92682a53ca""]",1.0,1.0,1.0,True,0.0,12288,True,1
"[""feat""]","[""feat""]",0.9592612693086267,"[""73211952964a79d97b434dd567e6d7d34be7feb5""]",1.0,1.0,1.0,True,0.0,12288,True,1
"[""refactor""]","[""refactor""]",0.633357715792954,"[""fba4326c72fc22d81aba6976a9fef1e4b6154fd9""]",1.0,1.0,1.0,True,0.0,12288,True,1
"[""ci""]","[""ci""]",0.5193653479218483,"[""6f5b1103c0893d13b42f1f7c6504c9c339840be3""]",1.0,1.0,1.0,True,0.0,12288,True,1
"[""refactor""]","[""fix""]",0.6042735842056572,"[""2b1ad9d10fc5685ec75f362a73229569f03344ca""]",0.0,0.0,0.0,False,0.2857142857142857,12288,True,1
"[""test""]","[""test""]",0.8580165500752628,"[""cd2bfb9b2298e8cd91013808547b35a9c40f46f1""]",1.0,1.0,1.0,True,0.0,12288,True,1
"[""build""]","[""build""]",0.7610281556844711,"[""607ecc92b5f8c084304e406eec725b7dcfa0a562""]",1.0,1.0,1.0,True,0.0,12288,True,1
"[""refactor""]","[""refactor""]",0.7193364300765097,"[""b98a8fed0b67b99ef4f8373aea904f847315e468""]",1.0,1.0,1.0,True,0.0,12288,True,1
"[""docs""]","[""docs""]",0.5860631698742509,"[""144388439d64e049cbed4e37659e819856d6987f""]",1.0,1.0,1.0,True,0.0,12288,True,1
"[""ci""]","[""build""]",0.5564723419956863,"[""88129ee45b1d49bc4ff887f3b488464cc7097e29""]",0.0,0.0,0.0,False,0.2857142857142857,12288,True,1
"[""feat""]","[""feat""]",0.6918371738865972,"[""5e09c9128f13c45d54df685b0a17dc8e3f7ff02c""]",1.0,1.0,1.0,True,0.0,12288,True,1
"[""test""]","[""test""]",0.5554470857605338,"[""e77f6751182595fe08940d67e11a90416c8dd6fd""]",1.0,1.0,1.0,True,0.0,12288,True,1
"[""build""]","[""ci""]",0.6951806177385151,"[""bb00890fa896936d0be09cc5e5f411fb5e64aa5f""]",0.0,0.0,0.0,False,0.2857142857142857,12288,True,1
"[""fix""]","[""fix""]",0.5476872180588543,"[""c1d3b58fd20995b1b9ca4e6771e3fa375242b02d""]",1.0,1.0,1.0,True,0.0,12288,True,1
"[""fix""]","[""fix""]",0.5314925732091069,"[""be2cbd9480fcbd60c3011ca57f1d761185cf52bd""]",1.0,1.0,1.0,True,0.0,12288,True,1
"[""refactor""]","[""refactor""]",0.5967287453822792,"[""8f1034b79f894b4b1112a4bc1903f37f22f7f5ed""]",1.0,1.0,1.0,True,0.0,12288,True,1
"[""docs""]","[""docs""]",0.6731735728681087,"[""16124286236edf03a6199720ba1629a35e3fe1aa""]",1.0,1.0,1.0,True,0.0,12288,True,1
"[""test""]","[""test""]",0.5548214302398264,"[""cdbc37711fa9c64b2cfa767766ca55c95c1736f7""]",1.0,1.0,1.0,True,0.0,12288,True,1
"[""ci""]","[""ci""]",0.8166968119330704,"[""5ebfebf86e60aae2610eb0ed84d177d53cd75f9d""]",1.0,1.0,1.0,True,0.0,12288,True,1
"[""feat""]","[""feat""]",1.5853195139206946,"[""ded26d768ff432ad3bde3c0aa1e95ce50726100a""]",1.0,1.0,1.0,True,0.0,12288,True,1
"[""build""]","[""build""]",0.6987773990258574,"[""f46c6c6c26a14312aa05a77ff2a14aebd74e13ac""]",1.0,1.0,1.0,True,0.0,12288,True,1
"[""feat""]","[""feat""]",1.0861866888590157,"[""bea32587586ca08f390c901a95e9b9c25263f4df""]",1.0,1.0,1.0,True,0.0,12288,True,1
"[""docs""]","[""docs""]",0.6953348689712584,"[""26994fb090d4ed0daf9b8ba960b4690fac08e340""]",1.0,1.0,1.0,True,0.0,12288,True,1
"[""fix""]","[""fix""]",1.210661572869867,"[""80242b34468398e835e5b3fc5ac345dbae4bcc7e""]",1.0,1.0,1.0,True,0.0,12288,True,1
"[""refactor""]","[""refactor""]",0.6539985397830606,"[""f9447355b93d67961c4a6b04bde3e83a394458ab""]",1.0,1.0,1.0,True,0.0,12288,True,1
"[""ci""]","[""ci""]",0.754534191917628,"[""8fe29cdc76480adc79701e4c492ff1e87566f569""]",1.0,1.0,1.0,True,0.0,12288,True,1
"[""docs""]","[""build""]",0.6072858357802033,"[""4542d9973a848a2bd4f9baf12992efe7d7a69f2c""]",0.0,0.0,0.0,False,0.2857142857142857,12288,True,1
"[""test""]","[""test""]",0.7466433709487319,"[""e053bb5190b033d4edb35a0718d3c414ae366431""]",1.0,1.0,1.0,True,0.0,12288,True,1
"[""docs"", ""refactor""]","[""docs"", ""refactor""]",1.4100137916393578,"[""144388439d64e049cbed4e37659e819856d6987f"", ""5748ff57ebafe94c4979eafa790d9a84812ca440""]",1.0,1.0,1.0,True,0.0,12288,True,2
"[""docs"", ""test""]","[""build"", ""test""]",0.8677949639968574,"[""4542d9973a848a2bd4f9baf12992efe7d7a69f2c"", ""1f663cbe4b4a9e7a0ae89c05f824335f2a0857fd""]",0.5,0.5,0.5,False,0.2857142857142857,12288,True,2
"[""feat"", ""fix""]","[""feat"", ""fix""]",2.2288417499512434,"[""6f0cf049caa1a7982669ee685e86621452686551"", ""238ba1990ea68eb64bdfc6b31efebad2acb01ad6""]",1.0,1.0,1.0,True,0.0,12288,True,2
"[""ci"", ""docs""]","[""ci"", ""docs""]",2.744189251214266,"[""6f5b1103c0893d13b42f1f7c6504c9c339840be3"", ""01e1e33f377934099a4a725fab5cd6c5ff50eaa2""]",1.0,1.0,1.0,True,0.0,12288,True,2
"[""ci"", ""feat""]","[""ci"", ""feat""]",1.1565731931477785,"[""6f5b1103c0893d13b42f1f7c6504c9c339840be3"", ""73211952964a79d97b434dd567e6d7d34be7feb5""]",1.0,1.0,1.0,True,0.0,12288,True,2
"[""build"", ""refactor""]","[""build"", ""refactor""]",2.9891409231349826,"[""1ad3f41f28d2faa5229ee88b54d673275cc31036"", ""72e3eed599b3a3dd154575af344ac3e5c62dd07b""]",1.0,1.0,1.0,True,0.0,12288,True,2
"[""fix"", ""test""]","[""fix"", ""test""]",1.8079790091142058,"[""0d43299ccee2b2e018fae24896c45d8d8be66bc6"", ""24a815b90437dbd962b5ff449f0b5146df835545""]",1.0,1.0,1.0,True,0.0,12288,True,2
"[""feat"", ""refactor""]","[""feat"", ""refactor""]",1.7108899359591305,"[""3730075261bc81df68f9d10f12a2d6bbffd8493c"", ""0e4ede620dd9a2cdc13ab9cc6da05577b39fddb8""]",1.0,1.0,1.0,True,0.0,12288,True,2
"[""build"", ""docs""]","[""build"", ""docs""]",2.5764019931666553,"[""b7e38fb62aa6e8a30d72dec063b1adccd089d0aa"", ""eb51316cdfdc7258d287ba13b67ef2f42bd2b8f6""]",1.0,1.0,1.0,True,0.0,12288,True,2
"[""ci"", ""fix""]","[""ci"", ""fix""]",0.7084269169718027,"[""6f5b1103c0893d13b42f1f7c6504c9c339840be3"", ""be2cbd9480fcbd60c3011ca57f1d761185cf52bd""]",1.0,1.0,1.0,True,0.0,12288,True,2
"[""fix"", ""test""]","[""fix"", ""test""]",0.9386095451191068,"[""b131f5d67076b97b3186c820760df839bf796ad5"", ""2a7c6f5c0b1c966d6a5d103de1978a61c141648a""]",1.0,1.0,1.0,True,0.0,12288,True,2
"[""build"", ""docs""]","[""build"", ""docs""]",0.9711962342262268,"[""45bbdaba1490a3216decb2c1a88b8f7041a3d505"", ""16124286236edf03a6199720ba1629a35e3fe1aa""]",1.0,1.0,1.0,True,0.0,12288,True,2
"[""feat"", ""refactor""]","[""feat"", ""refactor""]",1.1541362800635397,"[""d61bf50f77b404e660a6e5aa9e9bc4ce415e8c18"", ""ee4bf61fb8836e249fb4ef3507dc938e70696b3f""]",1.0,1.0,1.0,True,0.0,12288,True,2
"[""ci"", ""test""]","[""ci"", ""test""]",2.7879644040949643,"[""bda1822851d9be04f0d39f2213d1e2066eb115c8"", ""90a48c74f6faa0829d3809f739a42c0133e63ae0""]",1.0,1.0,1.0,True,0.0,12288,True,2
"[""ci"", ""docs"", ""refactor""]","[""ci"", ""refactor""]",1.2328480421565473,"[""be44bbdeb52c6025e81c99528ed7b0d932c5be18"", ""0e4ede620dd9a2cdc13ab9cc6da05577b39fddb8""]",0.6666666666666666,1.0,0.8,False,0.14285714285714285,12288,True,2
"[""refactor"", ""test""]","[""docs"", ""feat""]",3.398315933998674,"[""0105a4ee47706d9b3aa8f22d0a75585a498731ec"", ""3709e392924aba3542514ce35bd681adca39e8ac""]",0.0,0.0,0.0,False,0.5714285714285714,12288,True,2
"[""build"", ""test""]","[""build"", ""test""]",1.0442640269175172,"[""fd2b7a18dca63b51f4ba5de6b2e4ad2b825e735d"", ""24a815b90437dbd962b5ff449f0b5146df835545""]",1.0,1.0,1.0,True,0.0,12288,True,2
"[""build"", ""fix""]","[""ci"", ""fix""]",0.9736753599718213,"[""bda1822851d9be04f0d39f2213d1e2066eb115c8"", ""238ba1990ea68eb64bdfc6b31efebad2acb01ad6""]",0.5,0.5,0.5,False,0.2857142857142857,12288,True,2
"[""feat"", ""fix"", ""test""]","[""feat"", ""test""]",1.3389514638110995,"[""6b473cbdc5997af47c56a2a74f5b64da6d4c2ad7"", ""cdbc37711fa9c64b2cfa767766ca55c95c1736f7""]",0.6666666666666666,1.0,0.8,False,0.14285714285714285,12288,True,2
"[""docs"", ""refactor""]","[""docs"", ""refactor""]",2.8301866962574422,"[""af5ec2005504bbd836a54bfb2df0b7f6cf15f314"", ""4597f158c45a1f996ad217236d88edab69c29b22""]",1.0,1.0,1.0,True,0.0,12288,True,2
"[""build"", ""fix""]","[""build"", ""fix""]",0.8742673229426146,"[""ecc481f9f501aa34b41e06e7bbdde6e79f8ca1bb"", ""45b386aa3f06bce06f5e03fbde0aa52c4051c8bc""]",1.0,1.0,1.0,True,0.0,12288,True,2
"[""refactor""]","[""refactor"", ""test""]",1.4893077239394188,"[""3a86f49b725c0f66b5f04f80547042636135b49c"", ""3c812f916e06a53b899e9e3dd79760b475fa4b87""]",1.0,0.5,0.6666666666666666,False,0.14285714285714285,12288,True,2
"[""build"", ""feat""]","[""ci"", ""feat""]",2.798692211974412,"[""bda1822851d9be04f0d39f2213d1e2066eb115c8"", ""ba60e126299ad057772b5516d9ab390e770f1301""]",0.5,0.5,0.5,False,0.2857142857142857,12288,True,2
"[""build"", ""refactor""]","[""build"", ""docs""]",1.2012848942540586,"[""0f38960851ac0fd159727d5dffb36f50268eec18"", ""a4290c7be832aaac894f9b4e69837f0eb13d9287""]",0.5,0.5,0.5,False,0.2857142857142857,12288,True,2
"[""build"", ""refactor""]","[""ci"", ""fix""]",1.0632556499913335,"[""0984951701c34c08392b87082824dcebc379b4e7"", ""2b1ad9d10fc5685ec75f362a73229569f03344ca""]",0.0,0.0,0.0,False,0.5714285714285714,12288,True,2
"[""build"", ""docs""]","[""build"", ""docs""]",0.8666060231626034,"[""b0866f62417f56bdd5a46e8f14278af79efc4d76"", ""fc9af4d0b93d69be4e201ffb18da04324e8a4a87""]",1.0,1.0,1.0,True,0.0,12288,True,2
"[""feat"", ""fix""]","[""feat"", ""test""]",1.3015434280969203,"[""3730075261bc81df68f9d10f12a2d6bbffd8493c"", ""076b9f5efc109b481074a81957e24ce9f4a69f08""]",0.5,0.5,0.5,False,0.2857142857142857,12288,True,2
"[""fix"", ""refactor""]","[""fix"", ""refactor""]",3.9718105401843786,"[""0d43299ccee2b2e018fae24896c45d8d8be66bc6"", ""536872b735334929f25bf70d052e739166355160""]",1.0,1.0,1.0,True,0.0,12288,True,2
"[""feat"", ""refactor""]","[""feat"", ""refactor""]",2.540106832049787,"[""a51716d5ac3f7aabe1428a5a6d79c6b863463ff6"", ""3a86f49b725c0f66b5f04f80547042636135b49c""]",1.0,1.0,1.0,True,0.0,12288,True,2
"[""build"", ""refactor""]","[""build"", ""fix""]",0.9607576658017933,"[""f46c6c6c26a14312aa05a77ff2a14aebd74e13ac"", ""3f71e37ef9bfdbc0aea89863ae3d75c0c7e4a53d""]",0.5,0.5,0.5,False,0.2857142857142857,12288,True,2
"[""ci"", ""fix""]","[""ci"", ""test""]",0.8653162978589535,"[""be44bbdeb52c6025e81c99528ed7b0d932c5be18"", ""076b9f5efc109b481074a81957e24ce9f4a69f08""]",0.5,0.5,0.5,False,0.2857142857142857,12288,True,2
"[""docs"", ""test""]","[""docs"", ""test""]",2.5756535436958075,"[""eb51316cdfdc7258d287ba13b67ef2f42bd2b8f6"", ""625cbbca0d92b8756eac6fcacc795d90527d8975""]",1.0,1.0,1.0,True,0.0,12288,True,2
"[""fix"", ""refactor""]","[""fix"", ""refactor""]",3.417681254912168,"[""f2ac6e30644848f0c5c36057d1f55551fb70952f"", ""4be836f5655fb5356fde5ddd7437125f8574705d""]",1.0,1.0,1.0,True,0.0,12288,True,2
"[""docs"", ""feat""]","[""docs"", ""feat""]",3.190819571260363,"[""cb1f48b56ae0de93acb72e48726c7d610a1d538e"", ""bea32587586ca08f390c901a95e9b9c25263f4df""]",1.0,1.0,1.0,True,0.0,12288,True,2
"[""docs"", ""fix""]","[""docs"", ""test""]",0.9128147927112877,"[""16124286236edf03a6199720ba1629a35e3fe1aa"", ""076b9f5efc109b481074a81957e24ce9f4a69f08""]",0.5,0.5,0.5,False,0.2857142857142857,12288,True,2
"[""build"", ""refactor""]","[""build"", ""refactor""]",1.5026941816322505,"[""ecc481f9f501aa34b41e06e7bbdde6e79f8ca1bb"", ""5748ff57ebafe94c4979eafa790d9a84812ca440""]",1.0,1.0,1.0,True,0.0,12288,True,2
"[""feat"", ""fix""]","[""feat"", ""fix""]",1.1840703440830112,"[""73211952964a79d97b434dd567e6d7d34be7feb5"", ""be2cbd9480fcbd60c3011ca57f1d761185cf52bd""]",1.0,1.0,1.0,True,0.0,12288,True,2
"[""ci"", ""test""]","[""ci"", ""test""]",0.9363660211674869,"[""db2dbc13d7da2ae85cd3206d330be8ed0ebe1b2c"", ""6c7398993bc567ec84e4573b6ededbf50b1ef606""]",1.0,1.0,1.0,True,0.0,12288,True,2
"[""build"", ""fix""]","[""build"", ""fix""]",0.9113730788230896,"[""4ab28fc2e63e975a0c77e18ae644f34fa5f8771a"", ""b131f5d67076b97b3186c820760df839bf796ad5""]",1.0,1.0,1.0,True,0.0,12288,True,2
"[""feat"", ""refactor""]","[""feat"", ""refactor""]",2.9204895542934537,"[""73211952964a79d97b434dd567e6d7d34be7feb5"", ""78971fd68d7dc5c8e6811b4520cdc54e4188f733""]",1.0,1.0,1.0,True,0.0,12288,True,2
"[""ci"", ""docs""]","[""ci"", ""docs""]",0.7312717442400753,"[""6f5b1103c0893d13b42f1f7c6504c9c339840be3"", ""9849430b11b92ae58d94cfe4d0b06313c7eab550""]",1.0,1.0,1.0,True,0.0,12288,True,2
"[""docs"", ""feat""]","[""docs"", ""feat""]",0.9747965349815786,"[""26994fb090d4ed0daf9b8ba960b4690fac08e340"", ""15b8e4bc9349ce017f65e10b95cae48b0aa11828""]",1.0,1.0,1.0,True,0.0,12288,True,2
"[""fix""]","[""build"", ""fix""]",0.5847458699718118,"[""2d4d735d94386f5045e3b3abc022c2edcdfaef8f"", ""eb9f7b24364e86d7bcf50bb23b62c743cf5526f6""]",1.0,0.5,0.6666666666666666,False,0.14285714285714285,12288,True,2
"[""build"", ""test""]","[""ci"", ""test""]",0.9728406830690801,"[""14f535655d39847a85d0193559c9c0010357ba77"", ""6c7398993bc567ec84e4573b6ededbf50b1ef606""]",0.5,0.5,0.5,False,0.2857142857142857,12288,True,2
"[""fix"", ""refactor""]","[""fix"", ""refactor""]",0.8074926738627255,"[""b131f5d67076b97b3186c820760df839bf796ad5"", ""2900e67189ec09a35fa61f3f17d386f4eb23f9bd""]",1.0,1.0,1.0,True,0.0,12288,True,2
"[""build"", ""refactor"", ""test""]","[""ci"", ""test""]",1.0581633388064802,"[""b7b9c23698e7238eda26a1135018625181badd82"", ""1f663cbe4b4a9e7a0ae89c05f824335f2a0857fd""]",0.3333333333333333,0.5,0.4,False,0.42857142857142855,12288,True,2
"[""docs"", ""fix"", ""refactor""]","[""docs"", ""refactor""]",2.108186449855566,"[""e9358fb4955396bfc3340418c77cbce4fa6123ee"", ""cc9df62b0b41e84da275cf6ddcb06126628713b7""]",0.6666666666666666,1.0,0.8,False,0.14285714285714285,12288,True,2
"[""ci"", ""feat""]","[""build"", ""feat""]",1.768601146992296,"[""88129ee45b1d49bc4ff887f3b488464cc7097e29"", ""b7191a24b71cce2b7260d60de26ac8161546110e""]",0.5,0.5,0.5,False,0.2857142857142857,12288,True,2
"[""feat""]","[""build"", ""feat""]",1.0736543233506382,"[""b7e38fb62aa6e8a30d72dec063b1adccd089d0aa"", ""73211952964a79d97b434dd567e6d7d34be7feb5""]",1.0,0.5,0.6666666666666666,False,0.14285714285714285,12288,True,2
"[""refactor"", ""test""]","[""refactor"", ""test""]",1.3074096841737628,"[""7e84797900f1b6f61e16d8a4766b8209673a7acb"", ""8ee0611fbf0cd89abe7ae588f22e6ecb843598ea""]",1.0,1.0,1.0,True,0.0,12288,True,2
"[""build"", ""refactor""]","[""ci"", ""fix""]",0.8625072650611401,"[""b7b9c23698e7238eda26a1135018625181badd82"", ""c4d9e5023fa0f88ba283b37da27677ceda1cbfbb""]",0.0,0.0,0.0,False,0.5714285714285714,12288,True,2
"[""feat"", ""test""]","[""docs"", ""test""]",1.190012979786843,"[""af82c2c910c9b5d3dd68de30c59a9e169a8934a5"", ""6c7398993bc567ec84e4573b6ededbf50b1ef606""]",0.5,0.5,0.5,False,0.2857142857142857,12288,True,2
"[""build"", ""docs"", ""refactor""]","[""ci"", ""refactor""]",1.0082455668598413,"[""b7b9c23698e7238eda26a1135018625181badd82"", ""879edb6ed90f88b9ae6a3c2e8878ae1be48e0c88""]",0.3333333333333333,0.5,0.4,False,0.42857142857142855,12288,True,2
"[""build"", ""docs""]","[""build"", ""docs""]",0.8380811917595565,"[""0f38960851ac0fd159727d5dffb36f50268eec18"", ""e0177c25e13812306aab0b0991562d58b6d14767""]",1.0,1.0,1.0,True,0.0,12288,True,2
"[""ci"", ""fix""]","[""feat"", ""fix""]",1.43333321204409,"[""ebaa20ea3f02e25f78c52cae208017a898cb6c13"", ""f9f309d1f4ef1917a89e867e6ba4c3f8d5b24d48""]",0.5,0.5,0.5,False,0.2857142857142857,12288,True,2
"[""docs"", ""refactor""]","[""docs"", ""fix""]",0.88608377892524,"[""b8a664c1b10f4e30a3e221a14211a3cdaf90b7f4"", ""ccd1946a375e2ac10c3c591b04a435c4bc5170c2""]",0.5,0.5,0.5,False,0.2857142857142857,12288,True,2
"[""feat""]","[""feat"", ""test""]",3.7950480268336833,"[""1f15f71e415ba49b21684c7a3a51c8e3faaa7cf3"", ""f87659953e9af59bc7cb314a22dd076d988ef607""]",1.0,0.5,0.6666666666666666,False,0.14285714285714285,12288,True,2
"[""build"", ""ci""]","[""build"", ""ci""]",0.754514193162322,"[""b7e38fb62aa6e8a30d72dec063b1adccd089d0aa"", ""6f5b1103c0893d13b42f1f7c6504c9c339840be3""]",1.0,1.0,1.0,True,0.0,12288,True,2
"[""feat"", ""fix""]","[""docs"", ""refactor""]",3.203433786984533,"[""0105a4ee47706d9b3aa8f22d0a75585a498731ec"", ""6ed4690834161e1d250dfb0b46cd05bf07c1bb39""]",0.0,0.0,0.0,False,0.5714285714285714,12288,True,2
"[""ci"", ""fix""]","[""ci"", ""fix""]",0.8743520597927272,"[""db55dae208e4807898e6c747cefdf9bfcb4fd08c"", ""c4d9e5023fa0f88ba283b37da27677ceda1cbfbb""]",1.0,1.0,1.0,True,0.0,12288,True,2
"[""build"", ""test""]","[""build"", ""test""]",3.08583503914997,"[""ecc481f9f501aa34b41e06e7bbdde6e79f8ca1bb"", ""3c04162664b130c9486cba54afc16b6e57c779d1""]",1.0,1.0,1.0,True,0.0,12288,True,2
"[""feat"", ""refactor""]","[""feat"", ""refactor""]",1.452607728075236,"[""8b9176b44bb01a1eef497a403b0304bc389c9aee"", ""5748ff57ebafe94c4979eafa790d9a84812ca440""]",1.0,1.0,1.0,True,0.0,12288,True,2
"[""build"", ""feat"", ""refactor""]","[""build"", ""feat""]",3.290050343144685,"[""f46c6c6c26a14312aa05a77ff2a14aebd74e13ac"", ""d82c76e667c01567382e3ebeb13125c5d0064324""]",0.6666666666666666,1.0,0.8,False,0.14285714285714285,12288,True,2
"[""refactor""]","[""refactor"", ""test""]",2.7222787495702505,"[""211de26da358601056dd922d63f832433d7a693b"", ""1f663cbe4b4a9e7a0ae89c05f824335f2a0857fd""]",1.0,0.5,0.6666666666666666,False,0.14285714285714285,12288,True,2
"[""ci"", ""docs""]","[""ci"", ""docs""]",0.81421631667763,"[""8d2e23bde626eaed6e5b13384cc7ac38bab5ea66"", ""036a0ff49a7dade0e04c9c07071a1ff49133ee24""]",1.0,1.0,1.0,True,0.0,12288,True,2
"[""docs"", ""fix""]","[""docs"", ""fix""]",2.5237469179555774,"[""01e536c6eb273f533ac7bb1a51c4954128de2c63"", ""6849b9066f5d95b9e54c67046cfa136cf0d88b27""]",1.0,1.0,1.0,True,0.0,12288,True,2
"[""fix"", ""test""]","[""fix"", ""test""]",1.5811696317978203,"[""3e85aa17418f6fd2e6e32f9e55fdf7a9d8fcea9d"", ""f87659953e9af59bc7cb314a22dd076d988ef607""]",1.0,1.0,1.0,True,0.0,12288,True,2
"[""build"", ""refactor""]","[""build"", ""ci""]",0.9140309668146074,"[""4542d9973a848a2bd4f9baf12992efe7d7a69f2c"", ""b7b9c23698e7238eda26a1135018625181badd82""]",0.5,0.5,0.5,False,0.2857142857142857,12288,True,2
"[""feat"", ""refactor""]","[""feat"", ""refactor""]",1.9584286049939692,"[""9025fe7e99ae76c1426be68dc80f09e235631a80"", ""3f173b8b7ce54371db277879673b3202edeb2d93""]",1.0,1.0,1.0,True,0.0,12288,True,2
"[""build"", ""feat"", ""fix""]","[""build"", ""feat"", ""refactor""]",2.723867224995047,"[""37b1cbfd3d2c462ef4f2a131e4172c38dc8d9ddf"", ""542f0cad5337de15428f0b6567ce4efd20a19a48"", ""7adece9931eaef6aaf603b5567829bbdcb28f2d1""]",0.6666666666666666,0.6666666666666666,0.6666666666666666,False,0.2857142857142857,12288,True,3
"[""ci"", ""docs"", ""test""]","[""ci"", ""docs"", ""test""]",2.2816199669614434,"[""6f5b1103c0893d13b42f1f7c6504c9c339840be3"", ""eb51316cdfdc7258d287ba13b67ef2f42bd2b8f6"", ""625cbbca0d92b8756eac6fcacc795d90527d8975""]",1.0,1.0,1.0,True,0.0,12288,True,3
"[""feat"", ""refactor"", ""build""]","[""feat"", ""fix"", ""test""]",1.6053195092827082,"[""3730075261bc81df68f9d10f12a2d6bbffd8493c"", ""ccd1946a375e2ac10c3c591b04a435c4bc5170c2"", ""076b9f5efc109b481074a81957e24ce9f4a69f08""]",0.3333333333333333,0.3333333333333333,0.3333333333333333,False,0.5714285714285714,12288,True,3
"[""build"", ""ci"", ""refactor""]","[""build"", ""ci"", ""fix""]",1.3580114282667637,"[""4542d9973a848a2bd4f9baf12992efe7d7a69f2c"", ""b7b9c23698e7238eda26a1135018625181badd82"", ""73b8948ea1d49e05ae8c63b17926eda4cb04e9bb""]",0.6666666666666666,0.6666666666666666,0.6666666666666666,False,0.2857142857142857,12288,True,3
"[""build"", ""docs"", ""refactor""]","[""ci"", ""docs"", ""refactor""]",1.5937917651608586,"[""14f535655d39847a85d0193559c9c0010357ba77"", ""7f611e4208d0cc36c635eb0641a4b3258999ae8d"", ""d55088c612b1108ef566ec47e40fb8d1050f7451""]",0.6666666666666666,0.6666666666666666,0.6666666666666666,False,0.2857142857142857,12288,True,3
"[""docs"", ""fix"", ""refactor""]","[""docs"", ""fix"", ""refactor""]",2.263117626309395,"[""e9358fb4955396bfc3340418c77cbce4fa6123ee"", ""d5d3753c221e5164874ee99f1c6959f03fce0725"", ""7292fc7d387d83379aedf93558451bfa254acb6f""]",1.0,1.0,1.0,True,0.0,12288,True,3
"[""build"", ""feat"", ""test""]","[""build"", ""feat"", ""test""]",2.6343228998593986,"[""afafb9a32b164df33754a36547ee134b8fbe374a"", ""293f301a4bb248799c467d1fef413ed3909f47a4"", ""24a815b90437dbd962b5ff449f0b5146df835545""]",1.0,1.0,1.0,True,0.0,12288,True,3
"[""ci"", ""docs"", ""feat"", ""fix"", ""refactor""]","[""ci"", ""fix"", ""refactor""]",1.640951227862388,"[""be44bbdeb52c6025e81c99528ed7b0d932c5be18"", ""ccd1946a375e2ac10c3c591b04a435c4bc5170c2"", ""0e4ede620dd9a2cdc13ab9cc6da05577b39fddb8""]",0.6,1.0,0.7499999999999999,False,0.2857142857142857,12288,True,3
"[""build"", ""docs"", ""feat""]","[""build"", ""docs"", ""feat""]",2.716534866951406,"[""b7e38fb62aa6e8a30d72dec063b1adccd089d0aa"", ""eb51316cdfdc7258d287ba13b67ef2f42bd2b8f6"", ""73211952964a79d97b434dd567e6d7d34be7feb5""]",1.0,1.0,1.0,True,0.0,12288,True,3
"[""build"", ""fix"", ""test""]","[""build"", ""fix"", ""test""]",1.3016415452584624,"[""4542d9973a848a2bd4f9baf12992efe7d7a69f2c"", ""73b8948ea1d49e05ae8c63b17926eda4cb04e9bb"", ""1f663cbe4b4a9e7a0ae89c05f824335f2a0857fd""]",1.0,1.0,1.0,True,0.0,12288,True,3
"[""build"", ""refactor"", ""test""]","[""ci"", ""refactor"", ""test""]",1.646312814205885,"[""bda1822851d9be04f0d39f2213d1e2066eb115c8"", ""b98a8fed0b67b99ef4f8373aea904f847315e468"", ""b7e2330fa3a8d7b8a9bff01b707c44e64b845c7b""]",0.6666666666666666,0.6666666666666666,0.6666666666666666,False,0.2857142857142857,12288,True,3
"[""fix"", ""feat"", ""test""]","[""docs"", ""feat"", ""test""]",3.4513739007525146,"[""fd849bd08363df60dbc8b9b6d55bac4f5ace88f4"", ""b7191a24b71cce2b7260d60de26ac8161546110e"", ""11ffd5174bd61a2939ae58d2b2d43284302ae490""]",0.6666666666666666,0.6666666666666666,0.6666666666666666,False,0.2857142857142857,12288,True,3
"[""ci"", ""docs"", ""refactor""]","[""ci"", ""docs"", ""refactor""]",1.4244056432507932,"[""be44bbdeb52c6025e81c99528ed7b0d932c5be18"", ""16124286236edf03a6199720ba1629a35e3fe1aa"", ""0e4ede620dd9a2cdc13ab9cc6da05577b39fddb8""]",1.0,1.0,1.0,True,0.0,12288,True,3
"[""build"", ""feat"", ""fix""]","[""build"", ""feat"", ""fix""]",1.7384264529682696,"[""ecc481f9f501aa34b41e06e7bbdde6e79f8ca1bb"", ""8b9176b44bb01a1eef497a403b0304bc389c9aee"", ""cc6408b88246f20c62884a5892a6276baf7c3920""]",1.0,1.0,1.0,True,0.0,12288,True,3
"[""docs"", ""refactor"", ""test""]","[""docs"", ""fix"", ""test""]",1.2349830218590796,"[""12257ce53f94dc902df4ba087de90f52d2840ad4"", ""2b1ad9d10fc5685ec75f362a73229569f03344ca"", ""6c7398993bc567ec84e4573b6ededbf50b1ef606""]",0.6666666666666666,0.6666666666666666,0.6666666666666666,False,0.2857142857142857,12288,True,3
"[""build"", ""ci"", ""docs"", ""refactor""]","[""build"", ""ci"", ""refactor""]",1.7762784189544618,"[""b7e38fb62aa6e8a30d72dec063b1adccd089d0aa"", ""6f5b1103c0893d13b42f1f7c6504c9c339840be3"", ""3550066c886bf253df376f303a60ed475ac42aaa""]",0.75,1.0,0.8571428571428571,False,0.14285714285714285,12288,True,3
"[""build"", ""feat"", ""refactor""]","[""build"", ""feat"", ""refactor""]",2.848621246870607,"[""b7e38fb62aa6e8a30d72dec063b1adccd089d0aa"", ""73211952964a79d97b434dd567e6d7d34be7feb5"", ""8da0303bc02db5fe047cfc0631a9da41d9dc60f7""]",1.0,1.0,1.0,True,0.0,12288,True,3
"[""build"", ""feat"", ""test""]","[""ci"", ""feat"", ""test""]",2.8829049728810787,"[""bda1822851d9be04f0d39f2213d1e2066eb115c8"", ""988dda23984894cea097d64646196e8d6196d6b6"", ""90a48c74f6faa0829d3809f739a42c0133e63ae0""]",0.6666666666666666,0.6666666666666666,0.6666666666666666,False,0.2857142857142857,12288,True,3
"[""build"", ""docs"", ""fix""]","[""build"", ""docs"", ""fix""]",1.120617994107306,"[""ecc481f9f501aa34b41e06e7bbdde6e79f8ca1bb"", ""144388439d64e049cbed4e37659e819856d6987f"", ""45b386aa3f06bce06f5e03fbde0aa52c4051c8bc""]",1.0,1.0,1.0,True,0.0,12288,True,3
"[""docs"", ""fix"", ""refactor""]","[""docs"", ""fix"", ""test""]",2.2373182619921863,"[""af5ec2005504bbd836a54bfb2df0b7f6cf15f314"", ""f9f309d1f4ef1917a89e867e6ba4c3f8d5b24d48"", ""3c812f916e06a53b899e9e3dd79760b475fa4b87""]",0.6666666666666666,0.6666666666666666,0.6666666666666666,False,0.2857142857142857,12288,True,3
"[""ci"", ""feat"", ""refactor""]","[""ci"", ""feat"", ""refactor""]",1.8502052179537714,"[""be44bbdeb52c6025e81c99528ed7b0d932c5be18"", ""3730075261bc81df68f9d10f12a2d6bbffd8493c"", ""0e4ede620dd9a2cdc13ab9cc6da05577b39fddb8""]",1.0,1.0,1.0,True,0.0,12288,True,3
"[""build"", ""docs"", ""fix""]","[""build"", ""docs"", ""fix""]",1.7760883630253375,"[""ecc481f9f501aa34b41e06e7bbdde6e79f8ca1bb"", ""ee7cc5d5a940fba774e715b1f029c6361110b108"", ""cc6408b88246f20c62884a5892a6276baf7c3920""]",1.0,1.0,1.0,True,0.0,12288,True,3
"[""feat"", ""refactor"", ""test""]","[""feat"", ""refactor"", ""test""]",1.304841201286763,"[""a84d6715a4df12cc0ee9aa6f2596ce3b04353958"", ""e8a8edadc5c25d6410462b89a48e0602e0cbbc7f"", ""e77f6751182595fe08940d67e11a90416c8dd6fd""]",1.0,1.0,1.0,True,0.0,12288,True,3
"[""ci"", ""docs"", ""feat""]","[""ci"", ""docs"", ""feat""]",2.567562351934612,"[""200aca9f3d1253e4e28e79464da19b701aba777e"", ""2fdecc045fdb509832a758e45412c115fa03e8e8"", ""8a954673531d6935f5517535b9068639ed5cff0d""]",1.0,1.0,1.0,True,0.0,12288,True,3
"[""ci"", ""refactor"", ""test""]","[""ci"", ""fix"", ""test""]",1.1632937961257994,"[""e7ecc8763152ed6f89dbf4a6f313c276549eb0b7"", ""2b1ad9d10fc5685ec75f362a73229569f03344ca"", ""6c7398993bc567ec84e4573b6ededbf50b1ef606""]",0.6666666666666666,0.6666666666666666,0.6666666666666666,False,0.2857142857142857,12288,True,3
"[""build"", ""ci"", ""docs"", ""refactor""]","[""build"", ""ci"", ""refactor""]",1.5480528571642935,"[""45bbdaba1490a3216decb2c1a88b8f7041a3d505"", ""be44bbdeb52c6025e81c99528ed7b0d932c5be18"", ""0e4ede620dd9a2cdc13ab9cc6da05577b39fddb8""]",0.75,1.0,0.8571428571428571,False,0.14285714285714285,12288,True,3
"[""build"", ""fix"", ""test""]","[""build"", ""fix"", ""refactor""]",1.0516985510475934,"[""37b1cbfd3d2c462ef4f2a131e4172c38dc8d9ddf"", ""9db124c65f291a1524ed2e7db1c04a7020eaed80"", ""e2b7c0ea44b9c958f66d0cbd59fec597008f4793""]",0.6666666666666666,0.6666666666666666,0.6666666666666666,False,0.2857142857142857,12288,True,3
"[""docs"", ""feat"", ""refactor""]","[""docs"", ""feat"", ""test""]",1.6900406703352928,"[""6ffb9ffff014c8184f6c84a02854e348f2679636"", ""ebaa20ea3f02e25f78c52cae208017a898cb6c13"", ""3c812f916e06a53b899e9e3dd79760b475fa4b87""]",0.6666666666666666,0.6666666666666666,0.6666666666666666,False,0.2857142857142857,12288,True,3
"[""ci"", ""docs"", ""refactor""]","[""ci"", ""docs"", ""fix""]",1.073819856159389,"[""cb5634329ca9f3eaa72bb3dede79913ca8283b1b"", ""2b01808ec86fe9d8b4a93141a1b7f95e11fd6010"", ""2b1ad9d10fc5685ec75f362a73229569f03344ca""]",0.6666666666666666,0.6666666666666666,0.6666666666666666,False,0.2857142857142857,12288,True,3
"[""build"", ""refactor"", ""test""]","[""build"", ""refactor"", ""test""]",1.6992305270396173,"[""e0a977b2d316e7612b5d72cb02cd7d78e75dbc55"", ""72e3eed599b3a3dd154575af344ac3e5c62dd07b"", ""e77f6751182595fe08940d67e11a90416c8dd6fd""]",1.0,1.0,1.0,True,0.0,12288,True,3
"[""build"", ""feat"", ""refactor""]","[""build"", ""feat"", ""fix""]",1.6598848821595311,"[""45bbdaba1490a3216decb2c1a88b8f7041a3d505"", ""3730075261bc81df68f9d10f12a2d6bbffd8493c"", ""ccd1946a375e2ac10c3c591b04a435c4bc5170c2""]",0.6666666666666666,0.6666666666666666,0.6666666666666666,False,0.2857142857142857,12288,True,3
"[""ci"", ""refactor"", ""fix""]","[""ci"", ""refactor"", ""test""]",1.3418627637438476,"[""be44bbdeb52c6025e81c99528ed7b0d932c5be18"", ""0e4ede620dd9a2cdc13ab9cc6da05577b39fddb8"", ""076b9f5efc109b481074a81957e24ce9f4a69f08""]",0.6666666666666666,0.6666666666666666,0.6666666666666666,False,0.2857142857142857,12288,True,3
"[""feat"", ""refactor""]","[""docs"", ""feat"", ""refactor""]",1.3615101338364184,"[""9849430b11b92ae58d94cfe4d0b06313c7eab550"", ""73211952964a79d97b434dd567e6d7d34be7feb5"", ""adc34a26803e2b02df0ddc0739d73cd0b6216e00""]",1.0,0.6666666666666666,0.8,False,0.14285714285714285,12288,True,3
"[""docs"", ""feat"", ""fix""]","[""docs"", ""feat"", ""fix""]",2.5580161442048848,"[""036a0ff49a7dade0e04c9c07071a1ff49133ee24"", ""4a4c7afca7e1beadd4b213214074fdb420eb0923"", ""a81bbb83d64867f08c4d1be10919ef6806a1bf51""]",1.0,1.0,1.0,True,0.0,12288,True,3
"[""build"", ""ci"", ""docs"", ""fix""]","[""build"", ""ci"", ""test""]",1.3152334811165929,"[""45bbdaba1490a3216decb2c1a88b8f7041a3d505"", ""be44bbdeb52c6025e81c99528ed7b0d932c5be18"", ""076b9f5efc109b481074a81957e24ce9f4a69f08""]",0.5,0.6666666666666666,0.5714285714285715,False,0.42857142857142855,12288,True,3
"[""ci"", ""docs"", ""refactor""]","[""ci"", ""docs"", ""fix""]",2.114237821660936,"[""d03e345c52d1e66fe51395c701bef1c6dc3a54c0"", ""3f0ae7cf819776124d7aae792800fb9730a593a9"", ""2b1ad9d10fc5685ec75f362a73229569f03344ca""]",0.6666666666666666,0.6666666666666666,0.6666666666666666,False,0.2857142857142857,12288,True,3
"[""build"", ""feat"", ""test""]","[""build"", ""feat"", ""test""]",2.3713591718114913,"[""37b1cbfd3d2c462ef4f2a131e4172c38dc8d9ddf"", ""542f0cad5337de15428f0b6567ce4efd20a19a48"", ""422940e3d7ef6850acda0be349865d737476dd10""]",1.0,1.0,1.0,True,0.0,12288,True,3
"[""feat"", ""fix"", ""refactor""]","[""docs"", ""feat"", ""refactor""]",3.451234337873757,"[""0105a4ee47706d9b3aa8f22d0a75585a498731ec"", ""3709e392924aba3542514ce35bd681adca39e8ac"", ""cd7e8c3d3549ea05115b3f02586eeba894d86906""]",0.6666666666666666,0.6666666666666666,0.6666666666666666,False,0.2857142857142857,12288,True,3
"[""fix"", ""refactor"", ""test""]","[""fix"", ""refactor"", ""test""]",1.5611806083470583,"[""974e033a3ca7484290a04201ee33856a25da0942"", ""1918d339b8e3738df83d73e1decb31b5209ee8db"", ""69a394e7ff6243457685a28911b79e47f981278c""]",1.0,1.0,1.0,True,0.0,12288,True,3
"[""build"", ""ci"", ""fix""]","[""build"", ""ci"", ""fix""]",1.8180811312049627,"[""bfe32bf10e9b6d699f694fbd095af0b3f2e6275f"", ""bda1822851d9be04f0d39f2213d1e2066eb115c8"", ""80242b34468398e835e5b3fc5ac345dbae4bcc7e""]",1.0,1.0,1.0,True,0.0,12288,True,3
"[""docs"", ""feat"", ""refactor""]","[""docs"", ""feat"", ""refactor""]",2.429168060887605,"[""01e536c6eb273f533ac7bb1a51c4954128de2c63"", ""15b8e4bc9349ce017f65e10b95cae48b0aa11828"", ""e8a8edadc5c25d6410462b89a48e0602e0cbbc7f""]",1.0,1.0,1.0,True,0.0,12288,True,3
"[""build"", ""ci"", ""test""]","[""build"", ""ci"", ""test""]",0.9937635860405862,"[""b7e38fb62aa6e8a30d72dec063b1adccd089d0aa"", ""6f5b1103c0893d13b42f1f7c6504c9c339840be3"", ""625cbbca0d92b8756eac6fcacc795d90527d8975""]",1.0,1.0,1.0,True,0.0,12288,True,3
"[""build"", ""feat"", ""fix""]","[""build"", ""feat"", ""fix""]",1.642501736059785,"[""bfe32bf10e9b6d699f694fbd095af0b3f2e6275f"", ""ecf865f2fef03093adedf065d1732b2386a0df40"", ""238ba1990ea68eb64bdfc6b31efebad2acb01ad6""]",1.0,1.0,1.0,True,0.0,12288,True,3
"[""docs"", ""refactor"", ""test""]","[""docs"", ""refactor"", ""test""]",2.3287583752535284,"[""01e1e33f377934099a4a725fab5cd6c5ff50eaa2"", ""adc34a26803e2b02df0ddc0739d73cd0b6216e00"", ""625cbbca0d92b8756eac6fcacc795d90527d8975""]",1.0,1.0,1.0,True,0.0,12288,True,3
"[""build"", ""docs"", ""fix""]","[""ci"", ""docs"", ""test""]",1.1098908348940313,"[""be44bbdeb52c6025e81c99528ed7b0d932c5be18"", ""b8a664c1b10f4e30a3e221a14211a3cdaf90b7f4"", ""076b9f5efc109b481074a81957e24ce9f4a69f08""]",0.3333333333333333,0.3333333333333333,0.3333333333333333,False,0.5714285714285714,12288,True,3
"[""build"", ""ci"", ""feat""]","[""build"", ""ci"", ""feat""]",1.64767488790676,"[""45bbdaba1490a3216decb2c1a88b8f7041a3d505"", ""be44bbdeb52c6025e81c99528ed7b0d932c5be18"", ""3730075261bc81df68f9d10f12a2d6bbffd8493c""]",1.0,1.0,1.0,True,0.0,12288,True,3
"[""fix"", ""refactor"", ""test""]","[""fix"", ""refactor"", ""test""]",1.6954630711115897,"[""238ba1990ea68eb64bdfc6b31efebad2acb01ad6"", ""d4d8bdd3a0a5cec993735abc2e8cc2feff8eae27"", ""cd2bfb9b2298e8cd91013808547b35a9c40f46f1""]",1.0,1.0,1.0,True,0.0,12288,True,3
"[""docs"", ""fix"", ""refactor""]","[""docs"", ""fix"", ""refactor""]",1.3911078190430999,"[""16124286236edf03a6199720ba1629a35e3fe1aa"", ""ccd1946a375e2ac10c3c591b04a435c4bc5170c2"", ""0e4ede620dd9a2cdc13ab9cc6da05577b39fddb8""]",1.0,1.0,1.0,True,0.0,12288,True,3
"[""build"", ""ci"", ""feat""]","[""build"", ""ci"", ""feat""]",1.409917767625302,"[""b7e38fb62aa6e8a30d72dec063b1adccd089d0aa"", ""6f5b1103c0893d13b42f1f7c6504c9c339840be3"", ""73211952964a79d97b434dd567e6d7d34be7feb5""]",1.0,1.0,1.0,True,0.0,12288,True,3
"[""docs"", ""feat"", ""test""]","[""docs"", ""feat"", ""test""]",2.6338991788215935,"[""8dfd2af29bf784b242992ee9ec0fbc85753b063c"", ""8a954673531d6935f5517535b9068639ed5cff0d"", ""6c7398993bc567ec84e4573b6ededbf50b1ef606""]",1.0,1.0,1.0,True,0.0,12288,True,3
"[""build"", ""ci"", ""docs"", ""refactor""]","[""build"", ""ci"", ""fix""]",1.3832522109150887,"[""45bbdaba1490a3216decb2c1a88b8f7041a3d505"", ""be44bbdeb52c6025e81c99528ed7b0d932c5be18"", ""ccd1946a375e2ac10c3c591b04a435c4bc5170c2""]",0.5,0.6666666666666666,0.5714285714285715,False,0.42857142857142855,12288,True,3
"[""build"", ""docs"", ""feat"", ""refactor""]","[""build"", ""feat"", ""refactor""]",1.2633360922336578,"[""0f38960851ac0fd159727d5dffb36f50268eec18"", ""1ae8bf1195b197daa80ba6e45360f8b894364cd4"", ""336b25f3ae9da5d972304662fcdb88f4719c721d""]",0.75,1.0,0.8571428571428571,False,0.14285714285714285,12288,True,3
"[""ci"", ""docs"", ""refactor""]","[""ci"", ""docs"", ""refactor""]",3.6043174588121474,"[""6f5b1103c0893d13b42f1f7c6504c9c339840be3"", ""eb51316cdfdc7258d287ba13b67ef2f42bd2b8f6"", ""d357640fab55e5964fe83efc3c771e53aa3222fd""]",1.0,1.0,1.0,True,0.0,12288,True,3
"[""ci"", ""fix"", ""refactor""]","[""feat"", ""fix"", ""test""]",1.6535434103570879,"[""ebaa20ea3f02e25f78c52cae208017a898cb6c13"", ""dc50bd35462a49058c91a939fc8830ae7a9eb692"", ""3c812f916e06a53b899e9e3dd79760b475fa4b87""]",0.3333333333333333,0.3333333333333333,0.3333333333333333,False,0.5714285714285714,12288,True,3
"[""build"", ""docs"", ""fix""]","[""build"", ""docs"", ""refactor""]",1.8164765080437064,"[""0f38960851ac0fd159727d5dffb36f50268eec18"", ""dfab97842fe78fb8f217a5185fb6ec92682a53ca"", ""f85974761be11e0ecc85575bc4b6d5a02e438fd2""]",0.6666666666666666,0.6666666666666666,0.6666666666666666,False,0.2857142857142857,12288,True,3
"[""ci"", ""feat"", ""test""]","[""ci"", ""fix"", ""test""]",1.3499431498348713,"[""8d2e23bde626eaed6e5b13384cc7ac38bab5ea66"", ""f9d9f859240c6f7e78b0303ea40e46622d42bc3c"", ""cdbc37711fa9c64b2cfa767766ca55c95c1736f7""]",0.6666666666666666,0.6666666666666666,0.6666666666666666,False,0.2857142857142857,12288,True,3
"[""build"", ""fix"", ""test""]","[""build"", ""fix"", ""test""]",0.9931082790717483,"[""b7e38fb62aa6e8a30d72dec063b1adccd089d0aa"", ""be2cbd9480fcbd60c3011ca57f1d761185cf52bd"", ""625cbbca0d92b8756eac6fcacc795d90527d8975""]",1.0,1.0,1.0,True,0.0,12288,True,3
"[""build"", ""feat"", ""refactor""]","[""ci"", ""feat"", ""refactor""]",2.1618336383253336,"[""bda1822851d9be04f0d39f2213d1e2066eb115c8"", ""9114362b39f5194209cd0b330af7076333f3db77"", ""fba4326c72fc22d81aba6976a9fef1e4b6154fd9""]",0.6666666666666666,0.6666666666666666,0.6666666666666666,False,0.2857142857142857,12288,True,3
"[""ci"", ""docs"", ""feat""]","[""ci"", ""docs"", ""feat""]",2.330962785985321,"[""8d2e23bde626eaed6e5b13384cc7ac38bab5ea66"", ""527e0abd0f88cb3ae2dc1a6ec7a62c241250444d"", ""bbb6ee10de824f2e3259576ac01768640c884279""]",1.0,1.0,1.0,True,0.0,12288,True,3
"[""docs"", ""fix"", ""refactor"", ""test""]","[""docs"", ""refactor"", ""test""]",2.3108649509958923,"[""e9358fb4955396bfc3340418c77cbce4fa6123ee"", ""eb8a8d3fc493ff8a20b19c9efac8f112ae9f5762"", ""4464cf5e89d5e570c20267d09fb1fa2b7ef66b93""]",0.75,1.0,0.8571428571428571,False,0.14285714285714285,12288,True,3
"[""build"", ""ci"", ""fix""]","[""build"", ""ci"", ""fix""]",0.9633955419994891,"[""b7e38fb62aa6e8a30d72dec063b1adccd089d0aa"", ""6f5b1103c0893d13b42f1f7c6504c9c339840be3"", ""be2cbd9480fcbd60c3011ca57f1d761185cf52bd""]",1.0,1.0,1.0,True,0.0,12288,True,3
"[""docs"", ""fix"", ""feat"", ""refactor""]","[""docs"", ""feat"", ""refactor""]",2.8323765811510384,"[""e9358fb4955396bfc3340418c77cbce4fa6123ee"", ""3709e392924aba3542514ce35bd681adca39e8ac"", ""cd7e8c3d3549ea05115b3f02586eeba894d86906""]",0.75,1.0,0.8571428571428571,False,0.14285714285714285,12288,True,3
"[""build"", ""fix"", ""test""]","[""build"", ""fix"", ""test""]",1.3380308132618666,"[""4ab28fc2e63e975a0c77e18ae644f34fa5f8771a"", ""b131f5d67076b97b3186c820760df839bf796ad5"", ""2a7c6f5c0b1c966d6a5d103de1978a61c141648a""]",1.0,1.0,1.0,True,0.0,12288,True,3
"[""docs"", ""feat"", ""refactor""]","[""docs"", ""feat"", ""refactor""]",1.990475231781602,"[""b8a664c1b10f4e30a3e221a14211a3cdaf90b7f4"", ""3730075261bc81df68f9d10f12a2d6bbffd8493c"", ""0e4ede620dd9a2cdc13ab9cc6da05577b39fddb8""]",1.0,1.0,1.0,True,0.0,12288,True,3
"[""build"", ""fix"", ""test""]","[""build"", ""fix"", ""test""]",2.369500911794603,"[""37b1cbfd3d2c462ef4f2a131e4172c38dc8d9ddf"", ""c1d3b58fd20995b1b9ca4e6771e3fa375242b02d"", ""82c47c7165a28f311cd40e132a6c24f6a7c82d4b""]",1.0,1.0,1.0,True,0.0,12288,True,3
"[""build"", ""feat"", ""refactor""]","[""ci"", ""feat"", ""refactor""]",2.2298969137482345,"[""bda1822851d9be04f0d39f2213d1e2066eb115c8"", ""9114362b39f5194209cd0b330af7076333f3db77"", ""d4d8bdd3a0a5cec993735abc2e8cc2feff8eae27""]",0.6666666666666666,0.6666666666666666,0.6666666666666666,False,0.2857142857142857,12288,True,3
"[""fix"", ""docs"", ""refactor""]","[""build"", ""docs"", ""fix""]",1.5150806768797338,"[""2d4d735d94386f5045e3b3abc022c2edcdfaef8f"", ""cc553ae68766395e9f253379ddd7cf664d7befa1"", ""eb9f7b24364e86d7bcf50bb23b62c743cf5526f6""]",0.6666666666666666,0.6666666666666666,0.6666666666666666,False,0.2857142857142857,12288,True,3
"[""ci"", ""docs"", ""test""]","[""ci"", ""docs"", ""test""]",1.5046484819613397,"[""87d576e936e234d0429ad753267a2760c5dfd314"", ""2fdecc045fdb509832a758e45412c115fa03e8e8"", ""6c7398993bc567ec84e4573b6ededbf50b1ef606""]",1.0,1.0,1.0,True,0.0,12288,True,3
"[""build"", ""ci"", ""test""]","[""build"", ""ci"", ""test""]",1.5645065908320248,"[""454003841aabeb74396d73541378bfa59c75b5db"", ""bda1822851d9be04f0d39f2213d1e2066eb115c8"", ""cd2bfb9b2298e8cd91013808547b35a9c40f46f1""]",1.0,1.0,1.0,True,0.0,12288,True,3
"[""feat"", ""fix"", ""refactor""]","[""feat"", ""fix"", ""refactor""]",2.5411720918491483,"[""482442ecc1aaf981895a36c367abbd377fd93891"", ""80242b34468398e835e5b3fc5ac345dbae4bcc7e"", ""fba4326c72fc22d81aba6976a9fef1e4b6154fd9""]",1.0,1.0,1.0,True,0.0,12288,True,3
"[""build"", ""docs"", ""refactor"", ""test""]","[""build"", ""fix"", ""refactor"", ""test""]",1.6151472488418221,"[""45bbdaba1490a3216decb2c1a88b8f7041a3d505"", ""ccd1946a375e2ac10c3c591b04a435c4bc5170c2"", ""0e4ede620dd9a2cdc13ab9cc6da05577b39fddb8"", ""076b9f5efc109b481074a81957e24ce9f4a69f08""]",0.75,0.75,0.75,False,0.2857142857142857,12288,True,4
"[""ci"", ""docs"", ""feat"", ""refactor""]","[""ci"", ""docs"", ""feat"", ""refactor""]",2.864760670810938,"[""6f5b1103c0893d13b42f1f7c6504c9c339840be3"", ""01e1e33f377934099a4a725fab5cd6c5ff50eaa2"", ""73211952964a79d97b434dd567e6d7d34be7feb5"", ""7d6f760a91b55967972bbd1b972307624e876805""]",1.0,1.0,1.0,True,0.0,12288,True,4
"[""build"", ""ci"", ""docs"", ""fix""]","[""build"", ""ci"", ""docs"", ""test""]",1.5202319812960923,"[""45bbdaba1490a3216decb2c1a88b8f7041a3d505"", ""be44bbdeb52c6025e81c99528ed7b0d932c5be18"", ""16124286236edf03a6199720ba1629a35e3fe1aa"", ""076b9f5efc109b481074a81957e24ce9f4a69f08""]",0.75,0.75,0.75,False,0.2857142857142857,12288,True,4
"[""feat"", ""fix"", ""refactor"", ""test""]","[""feat"", ""fix"", ""refactor"", ""test""]",2.5255012451671064,"[""a84d6715a4df12cc0ee9aa6f2596ce3b04353958"", ""6849b9066f5d95b9e54c67046cfa136cf0d88b27"", ""3e0e30ecebaf23f0c36fa4811426f8f4e0057cfe"", ""e77f6751182595fe08940d67e11a90416c8dd6fd""]",1.0,1.0,1.0,True,0.0,12288,True,4
"[""build"", ""ci"", ""feat"", ""fix""]","[""build"", ""ci"", ""feat"", ""fix""]",3.146663277875632,"[""b8dfd5a2f39b4768cf070aeb9d09364577c626f9"", ""bda1822851d9be04f0d39f2213d1e2066eb115c8"", ""6f0cf049caa1a7982669ee685e86621452686551"", ""80242b34468398e835e5b3fc5ac345dbae4bcc7e""]",1.0,1.0,1.0,True,0.0,12288,True,4
"[""ci"", ""docs"", ""feat"", ""fix""]","[""ci"", ""docs"", ""feat"", ""test""]",1.8465451318770647,"[""be44bbdeb52c6025e81c99528ed7b0d932c5be18"", ""b8a664c1b10f4e30a3e221a14211a3cdaf90b7f4"", ""3730075261bc81df68f9d10f12a2d6bbffd8493c"", ""076b9f5efc109b481074a81957e24ce9f4a69f08""]",0.75,0.75,0.75,False,0.2857142857142857,12288,True,4
"[""build"", ""docs"", ""fix"", ""refactor""]","[""build"", ""docs"", ""fix"", ""refactor""]",2.870594544801861,"[""1ad3f41f28d2faa5229ee88b54d673275cc31036"", ""cc553ae68766395e9f253379ddd7cf664d7befa1"", ""6849b9066f5d95b9e54c67046cfa136cf0d88b27"", ""e8a8edadc5c25d6410462b89a48e0602e0cbbc7f""]",1.0,1.0,1.0,True,0.0,12288,True,4
"[""build"", ""ci"", ""docs"", ""refactor""]","[""build"", ""ci"", ""docs"", ""refactor""]",2.835363204125315,"[""b7e38fb62aa6e8a30d72dec063b1adccd089d0aa"", ""6f5b1103c0893d13b42f1f7c6504c9c339840be3"", ""01e1e33f377934099a4a725fab5cd6c5ff50eaa2"", ""86f3e3397594f8312226c5a193608a054087805c""]",1.0,1.0,1.0,True,0.0,12288,True,4
"[""build"", ""feat"", ""fix"", ""test""]","[""ci"", ""feat"", ""fix"", ""test""]",2.750749447848648,"[""bda1822851d9be04f0d39f2213d1e2066eb115c8"", ""482442ecc1aaf981895a36c367abbd377fd93891"", ""238ba1990ea68eb64bdfc6b31efebad2acb01ad6"", ""b7e2330fa3a8d7b8a9bff01b707c44e64b845c7b""]",0.75,0.75,0.75,False,0.2857142857142857,12288,True,4
"[""build"", ""docs"", ""feat"", ""fix""]","[""build"", ""docs"", ""feat"", ""refactor""]",2.6530370940454304,"[""b0866f62417f56bdd5a46e8f14278af79efc4d76"", ""fc9af4d0b93d69be4e201ffb18da04324e8a4a87"", ""a84d6715a4df12cc0ee9aa6f2596ce3b04353958"", ""3e0e30ecebaf23f0c36fa4811426f8f4e0057cfe""]",0.75,0.75,0.75,False,0.2857142857142857,12288,True,4
"[""build"", ""feat"", ""fix"", ""test""]","[""build"", ""feat"", ""fix"", ""test""]",2.4401962789706886,"[""ecc481f9f501aa34b41e06e7bbdde6e79f8ca1bb"", ""8b9176b44bb01a1eef497a403b0304bc389c9aee"", ""cc6408b88246f20c62884a5892a6276baf7c3920"", ""87427fe39d165bee2acedde8dbaa237cca3fb61e""]",1.0,1.0,1.0,True,0.0,12288,True,4
"[""build"", ""refactor"", ""test""]","[""ci"", ""fix"", ""refactor"", ""test""]",1.6872662529349327,"[""492a7ff9c3ecdc558759f09d836830e988a189d2"", ""2b1ad9d10fc5685ec75f362a73229569f03344ca"", ""d55088c612b1108ef566ec47e40fb8d1050f7451"", ""6c7398993bc567ec84e4573b6ededbf50b1ef606""]",0.6666666666666666,0.5,0.5714285714285715,False,0.42857142857142855,12288,True,4
"[""ci"", ""docs"", ""refactor"", ""test""]","[""ci"", ""docs"", ""refactor"", ""test""]",1.3875518259592354,"[""200aca9f3d1253e4e28e79464da19b701aba777e"", ""7f611e4208d0cc36c635eb0641a4b3258999ae8d"", ""8f1034b79f894b4b1112a4bc1903f37f22f7f5ed"", ""6c7398993bc567ec84e4573b6ededbf50b1ef606""]",1.0,1.0,1.0,True,0.0,12288,True,4
"[""build"", ""docs"", ""feat"", ""refactor""]","[""build"", ""docs"", ""feat"", ""fix""]",1.943830921780318,"[""45bbdaba1490a3216decb2c1a88b8f7041a3d505"", ""b8a664c1b10f4e30a3e221a14211a3cdaf90b7f4"", ""3730075261bc81df68f9d10f12a2d6bbffd8493c"", ""ccd1946a375e2ac10c3c591b04a435c4bc5170c2""]",0.75,0.75,0.75,False,0.2857142857142857,12288,True,4
"[""build"", ""docs"", ""fix"", ""test""]","[""build"", ""docs"", ""fix"", ""test""]",2.3764181337319314,"[""ecc481f9f501aa34b41e06e7bbdde6e79f8ca1bb"", ""144388439d64e049cbed4e37659e819856d6987f"", ""45b386aa3f06bce06f5e03fbde0aa52c4051c8bc"", ""3c04162664b130c9486cba54afc16b6e57c779d1""]",1.0,1.0,1.0,True,0.0,12288,True,4
"[""ci"", ""feat"", ""refactor"", ""test""]","[""ci"", ""feat"", ""refactor"", ""test""]",2.386462311260402,"[""6f5b1103c0893d13b42f1f7c6504c9c339840be3"", ""73211952964a79d97b434dd567e6d7d34be7feb5"", ""86f3e3397594f8312226c5a193608a054087805c"", ""625cbbca0d92b8756eac6fcacc795d90527d8975""]",1.0,1.0,1.0,True,0.0,12288,True,4
"[""build"", ""docs"", ""feat"", ""refactor""]","[""build"", ""docs"", ""feat"", ""refactor""]",1.7624376430176198,"[""b7e38fb62aa6e8a30d72dec063b1adccd089d0aa"", ""9849430b11b92ae58d94cfe4d0b06313c7eab550"", ""73211952964a79d97b434dd567e6d7d34be7feb5"", ""adc34a26803e2b02df0ddc0739d73cd0b6216e00""]",1.0,1.0,1.0,True,0.0,12288,True,4
"[""build"", ""ci"", ""fix"", ""refactor""]","[""build"", ""ci"", ""fix"", ""refactor""]",1.7503499370068312,"[""bfe32bf10e9b6d699f694fbd095af0b3f2e6275f"", ""bda1822851d9be04f0d39f2213d1e2066eb115c8"", ""238ba1990ea68eb64bdfc6b31efebad2acb01ad6"", ""d4d8bdd3a0a5cec993735abc2e8cc2feff8eae27""]",1.0,1.0,1.0,True,0.0,12288,True,4
"[""build"", ""ci"", ""docs"", ""refactor"", ""test""]","[""ci"", ""docs"", ""fix"", ""test""]",1.5655031921342015,"[""be44bbdeb52c6025e81c99528ed7b0d932c5be18"", ""b8a664c1b10f4e30a3e221a14211a3cdaf90b7f4"", ""ccd1946a375e2ac10c3c591b04a435c4bc5170c2"", ""076b9f5efc109b481074a81957e24ce9f4a69f08""]",0.6,0.75,0.6666666666666665,False,0.42857142857142855,12288,True,4
"[""build"", ""docs"", ""feat"", ""refactor""]","[""build"", ""docs"", ""feat"", ""refactor""]",2.0488357502035797,"[""b7e38fb62aa6e8a30d72dec063b1adccd089d0aa"", ""9849430b11b92ae58d94cfe4d0b06313c7eab550"", ""73211952964a79d97b434dd567e6d7d34be7feb5"", ""eafee3c5c124ce0c71fd854270cea39cc273b27c""]",1.0,1.0,1.0,True,0.0,12288,True,4
"[""build"", ""feat"", ""refactor"", ""test""]","[""ci"", ""feat"", ""fix"", ""test""]",2.3489337801001966,"[""492a7ff9c3ecdc558759f09d836830e988a189d2"", ""8a954673531d6935f5517535b9068639ed5cff0d"", ""2b1ad9d10fc5685ec75f362a73229569f03344ca"", ""6c7398993bc567ec84e4573b6ededbf50b1ef606""]",0.5,0.5,0.5,False,0.5714285714285714,12288,True,4
"[""ci"", ""feat"", ""refactor"", ""test""]","[""ci"", ""feat"", ""refactor"", ""test""]",2.3230113270692527,"[""2e65145acb5a3d20d16203142c466da0e32729ba"", ""8a954673531d6935f5517535b9068639ed5cff0d"", ""8f1034b79f894b4b1112a4bc1903f37f22f7f5ed"", ""6c7398993bc567ec84e4573b6ededbf50b1ef606""]",1.0,1.0,1.0,True,0.0,12288,True,4
"[""build"", ""docs"", ""fix"", ""refactor""]","[""build"", ""docs"", ""fix"", ""refactor""]",2.1511789900250733,"[""b7e38fb62aa6e8a30d72dec063b1adccd089d0aa"", ""eb51316cdfdc7258d287ba13b67ef2f42bd2b8f6"", ""be2cbd9480fcbd60c3011ca57f1d761185cf52bd"", ""7f797e68d8f721dff9553ba0ba5616efc456ebb5""]",1.0,1.0,1.0,True,0.0,12288,True,4
"[""build"", ""ci"", ""feat"", ""fix""]","[""build"", ""ci"", ""feat"", ""test""]",2.4871788579039276,"[""b8dfd5a2f39b4768cf070aeb9d09364577c626f9"", ""bda1822851d9be04f0d39f2213d1e2066eb115c8"", ""988dda23984894cea097d64646196e8d6196d6b6"", ""7c48976f943e1e9b5850967b6f2963a205476ded""]",0.75,0.75,0.75,False,0.2857142857142857,12288,True,4
"[""docs"", ""feat"", ""fix"", ""refactor""]","[""docs"", ""feat"", ""fix"", ""refactor""]",3.364996870048344,"[""3a4e21c36d76b4bea8dbb365d3c3bd005a7f3f8f"", ""ebaa20ea3f02e25f78c52cae208017a898cb6c13"", ""d129eaf9125a967ac86c6c7276bbae6b4d50af36"", ""8a9a022baa15befc325f87892c6bdae25b35bc33""]",1.0,1.0,1.0,True,0.0,12288,True,4
"[""build"", ""ci"", ""docs"", ""fix""]","[""build"", ""ci"", ""docs"", ""test""]",1.4031195864081383,"[""45bbdaba1490a3216decb2c1a88b8f7041a3d505"", ""be44bbdeb52c6025e81c99528ed7b0d932c5be18"", ""b8a664c1b10f4e30a3e221a14211a3cdaf90b7f4"", ""076b9f5efc109b481074a81957e24ce9f4a69f08""]",0.75,0.75,0.75,False,0.2857142857142857,12288,True,4
"[""build"", ""ci"", ""docs"", ""fix"", ""refactor""]","[""build"", ""ci"", ""fix"", ""refactor""]",1.8912324314005673,"[""4542d9973a848a2bd4f9baf12992efe7d7a69f2c"", ""db55dae208e4807898e6c747cefdf9bfcb4fd08c"", ""73b8948ea1d49e05ae8c63b17926eda4cb04e9bb"", ""70a00973a07520959210219fcaba2a782d76f491""]",0.8,1.0,0.888888888888889,False,0.14285714285714285,12288,True,4
"[""docs"", ""feat"", ""refactor"", ""test""]","[""docs"", ""feat"", ""fix"", ""test""]",2.3851636168546975,"[""3f0ae7cf819776124d7aae792800fb9730a593a9"", ""8a954673531d6935f5517535b9068639ed5cff0d"", ""2b1ad9d10fc5685ec75f362a73229569f03344ca"", ""6c7398993bc567ec84e4573b6ededbf50b1ef606""]",0.75,0.75,0.75,False,0.2857142857142857,12288,True,4
"[""build"", ""feat"", ""refactor"", ""test""]","[""build"", ""feat"", ""fix"", ""test""]",1.938564123120159,"[""45bbdaba1490a3216decb2c1a88b8f7041a3d505"", ""3730075261bc81df68f9d10f12a2d6bbffd8493c"", ""ccd1946a375e2ac10c3c591b04a435c4bc5170c2"", ""076b9f5efc109b481074a81957e24ce9f4a69f08""]",0.75,0.75,0.75,False,0.2857142857142857,12288,True,4
"[""build"", ""feat"", ""fix"", ""refactor""]","[""ci"", ""docs"", ""feat"", ""refactor""]",2.7957321759313345,"[""bb00890fa896936d0be09cc5e5f411fb5e64aa5f"", ""af82c2c910c9b5d3dd68de30c59a9e169a8934a5"", ""8a954673531d6935f5517535b9068639ed5cff0d"", ""8f1034b79f894b4b1112a4bc1903f37f22f7f5ed""]",0.5,0.5,0.5,False,0.5714285714285714,12288,True,4
"[""build"", ""ci"", ""docs"", ""refactor"", ""test""]","[""build"", ""ci"", ""refactor"", ""test""]",1.8091134526766837,"[""45bbdaba1490a3216decb2c1a88b8f7041a3d505"", ""be44bbdeb52c6025e81c99528ed7b0d932c5be18"", ""0e4ede620dd9a2cdc13ab9cc6da05577b39fddb8"", ""076b9f5efc109b481074a81957e24ce9f4a69f08""]",0.8,1.0,0.888888888888889,False,0.14285714285714285,12288,True,4
"[""ci"", ""docs"", ""fix"", ""test""]","[""ci"", ""docs"", ""fix"", ""test""]",2.1477444749325514,"[""6f5b1103c0893d13b42f1f7c6504c9c339840be3"", ""01e1e33f377934099a4a725fab5cd6c5ff50eaa2"", ""be2cbd9480fcbd60c3011ca57f1d761185cf52bd"", ""625cbbca0d92b8756eac6fcacc795d90527d8975""]",1.0,1.0,1.0,True,0.0,12288,True,4
"[""build"", ""feat"", ""fix"", ""refactor""]","[""build"", ""feat"", ""fix"", ""refactor""]",1.7459885948337615,"[""4ab28fc2e63e975a0c77e18ae644f34fa5f8771a"", ""d61bf50f77b404e660a6e5aa9e9bc4ce415e8c18"", ""b131f5d67076b97b3186c820760df839bf796ad5"", ""905693129255e7208ca2ec63c6e07cce711047fd""]",1.0,1.0,1.0,True,0.0,12288,True,4
"[""build"", ""docs"", ""feat"", ""refactor""]","[""ci"", ""docs"", ""feat"", ""fix""]",1.8979118629358709,"[""be44bbdeb52c6025e81c99528ed7b0d932c5be18"", ""b8a664c1b10f4e30a3e221a14211a3cdaf90b7f4"", ""3730075261bc81df68f9d10f12a2d6bbffd8493c"", ""ccd1946a375e2ac10c3c591b04a435c4bc5170c2""]",0.5,0.5,0.5,False,0.5714285714285714,12288,True,4
"[""build"", ""docs"", ""refactor"", ""test""]","[""build"", ""docs"", ""refactor"", ""test""]",3.1609222390688956,"[""ecc481f9f501aa34b41e06e7bbdde6e79f8ca1bb"", ""ee7cc5d5a940fba774e715b1f029c6361110b108"", ""5748ff57ebafe94c4979eafa790d9a84812ca440"", ""3c04162664b130c9486cba54afc16b6e57c779d1""]",1.0,1.0,1.0,True,0.0,12288,True,4
"[""build"", ""docs"", ""fix"", ""refactor"", ""test""]","[""build"", ""docs"", ""fix"", ""refactor""]",3.1363945119082928,"[""e0a977b2d316e7612b5d72cb02cd7d78e75dbc55"", ""01e536c6eb273f533ac7bb1a51c4954128de2c63"", ""6849b9066f5d95b9e54c67046cfa136cf0d88b27"", ""72e3eed599b3a3dd154575af344ac3e5c62dd07b""]",0.8,1.0,0.888888888888889,False,0.14285714285714285,12288,True,4
"[""build"", ""feat"", ""refactor"", ""test""]","[""ci"", ""feat"", ""refactor"", ""test""]",2.432374049909413,"[""bda1822851d9be04f0d39f2213d1e2066eb115c8"", ""988dda23984894cea097d64646196e8d6196d6b6"", ""d4d8bdd3a0a5cec993735abc2e8cc2feff8eae27"", ""7c48976f943e1e9b5850967b6f2963a205476ded""]",0.75,0.75,0.75,False,0.2857142857142857,12288,True,4
"[""build"", ""docs"", ""feat"", ""test""]","[""build"", ""docs"", ""feat"", ""test""]",1.456534521188587,"[""b0866f62417f56bdd5a46e8f14278af79efc4d76"", ""969aa32659f6918cb0eeeba6b02d6485659dbdd2"", ""a84d6715a4df12cc0ee9aa6f2596ce3b04353958"", ""e77f6751182595fe08940d67e11a90416c8dd6fd""]",1.0,1.0,1.0,True,0.0,12288,True,4
"[""build"", ""ci"", ""feat"", ""fix""]","[""build"", ""ci"", ""feat"", ""fix""]",1.6134516620077193,"[""b7e38fb62aa6e8a30d72dec063b1adccd089d0aa"", ""6f5b1103c0893d13b42f1f7c6504c9c339840be3"", ""73211952964a79d97b434dd567e6d7d34be7feb5"", ""be2cbd9480fcbd60c3011ca57f1d761185cf52bd""]",1.0,1.0,1.0,True,0.0,12288,True,4
"[""docs"", ""refactor"", ""test""]","[""docs"", ""fix"", ""refactor"", ""test""]",1.7887599538080394,"[""2fdecc045fdb509832a758e45412c115fa03e8e8"", ""2b1ad9d10fc5685ec75f362a73229569f03344ca"", ""d55088c612b1108ef566ec47e40fb8d1050f7451"", ""6c7398993bc567ec84e4573b6ededbf50b1ef606""]",1.0,0.75,0.8571428571428571,False,0.14285714285714285,12288,True,4
"[""ci"", ""fix"", ""refactor"", ""test""]","[""ci"", ""fix"", ""refactor"", ""test""]",1.214789753779769,"[""6f5b1103c0893d13b42f1f7c6504c9c339840be3"", ""be2cbd9480fcbd60c3011ca57f1d761185cf52bd"", ""7f797e68d8f721dff9553ba0ba5616efc456ebb5"", ""625cbbca0d92b8756eac6fcacc795d90527d8975""]",1.0,1.0,1.0,True,0.0,12288,True,4
"[""build"", ""ci"", ""docs"", ""feat""]","[""build"", ""ci"", ""docs"", ""feat""]",2.0358876790851355,"[""45bbdaba1490a3216decb2c1a88b8f7041a3d505"", ""be44bbdeb52c6025e81c99528ed7b0d932c5be18"", ""16124286236edf03a6199720ba1629a35e3fe1aa"", ""3730075261bc81df68f9d10f12a2d6bbffd8493c""]",1.0,1.0,1.0,True,0.0,12288,True,4
"[""feat"", ""fix"", ""refactor"", ""test""]","[""feat"", ""fix"", ""refactor"", ""test""]",1.7403343138284981,"[""5e09c9128f13c45d54df685b0a17dc8e3f7ff02c"", ""b131f5d67076b97b3186c820760df839bf796ad5"", ""731626ece358b9db69dceeeca91c94920b178bdd"", ""2a7c6f5c0b1c966d6a5d103de1978a61c141648a""]",1.0,1.0,1.0,True,0.0,12288,True,4
"[""build"", ""ci"", ""docs"", ""feat""]","[""build"", ""ci"", ""docs"", ""feat""]",2.542315363883972,"[""b7e38fb62aa6e8a30d72dec063b1adccd089d0aa"", ""6f5b1103c0893d13b42f1f7c6504c9c339840be3"", ""01e1e33f377934099a4a725fab5cd6c5ff50eaa2"", ""73211952964a79d97b434dd567e6d7d34be7feb5""]",1.0,1.0,1.0,True,0.0,12288,True,4
"[""build"", ""docs"", ""refactor"", ""test""]","[""ci"", ""docs"", ""fix"", ""test""]",1.7575297500006855,"[""8fe29cdc76480adc79701e4c492ff1e87566f569"", ""8dfd2af29bf784b242992ee9ec0fbc85753b063c"", ""2b1ad9d10fc5685ec75f362a73229569f03344ca"", ""6c7398993bc567ec84e4573b6ededbf50b1ef606""]",0.5,0.5,0.5,False,0.5714285714285714,12288,True,4
"[""build"", ""ci"", ""feat"", ""refactor""]","[""build"", ""ci"", ""feat"", ""refactor""]",2.5537426080554724,"[""b8dfd5a2f39b4768cf070aeb9d09364577c626f9"", ""bda1822851d9be04f0d39f2213d1e2066eb115c8"", ""6f0cf049caa1a7982669ee685e86621452686551"", ""b98a8fed0b67b99ef4f8373aea904f847315e468""]",1.0,1.0,1.0,True,0.0,12288,True,4
"[""build"", ""docs"", ""fix"", ""test""]","[""build"", ""docs"", ""fix"", ""test""]",1.2093910709954798,"[""b7e38fb62aa6e8a30d72dec063b1adccd089d0aa"", ""9849430b11b92ae58d94cfe4d0b06313c7eab550"", ""be2cbd9480fcbd60c3011ca57f1d761185cf52bd"", ""625cbbca0d92b8756eac6fcacc795d90527d8975""]",1.0,1.0,1.0,True,0.0,12288,True,4
"[""build"", ""docs"", ""refactor"", ""test""]","[""build"", ""docs"", ""refactor"", ""test""]",2.5587646178901196,"[""ecc481f9f501aa34b41e06e7bbdde6e79f8ca1bb"", ""ee7cc5d5a940fba774e715b1f029c6361110b108"", ""5748ff57ebafe94c4979eafa790d9a84812ca440"", ""87427fe39d165bee2acedde8dbaa237cca3fb61e""]",1.0,1.0,1.0,True,0.0,12288,True,4
"[""ci"", ""feat"", ""refactor"", ""test""]","[""ci"", ""feat"", ""fix"", ""refactor""]",2.099151911213994,"[""be44bbdeb52c6025e81c99528ed7b0d932c5be18"", ""3730075261bc81df68f9d10f12a2d6bbffd8493c"", ""ccd1946a375e2ac10c3c591b04a435c4bc5170c2"", ""0e4ede620dd9a2cdc13ab9cc6da05577b39fddb8""]",0.75,0.75,0.75,False,0.2857142857142857,12288,True,4
"[""build"", ""refactor"", ""test""]","[""ci"", ""fix"", ""refactor"", ""test""]",1.835874848999083,"[""14f535655d39847a85d0193559c9c0010357ba77"", ""2b1ad9d10fc5685ec75f362a73229569f03344ca"", ""d55088c612b1108ef566ec47e40fb8d1050f7451"", ""6c7398993bc567ec84e4573b6ededbf50b1ef606""]",0.6666666666666666,0.5,0.5714285714285715,False,0.42857142857142855,12288,True,4
"[""build"", ""fix"", ""feat"", ""test""]","[""build"", ""docs"", ""feat"", ""test""]",2.519873483106494,"[""f46c6c6c26a14312aa05a77ff2a14aebd74e13ac"", ""fd849bd08363df60dbc8b9b6d55bac4f5ace88f4"", ""7704121d0c0bfce49f01c2b41cbc64a642cbb399"", ""11ffd5174bd61a2939ae58d2b2d43284302ae490""]",0.75,0.75,0.75,False,0.2857142857142857,12288,True,4
"[""build"", ""ci"", ""feat"", ""fix""]","[""build"", ""ci"", ""feat"", ""fix""]",2.7255809609778225,"[""454003841aabeb74396d73541378bfa59c75b5db"", ""bda1822851d9be04f0d39f2213d1e2066eb115c8"", ""ba60e126299ad057772b5516d9ab390e770f1301"", ""238ba1990ea68eb64bdfc6b31efebad2acb01ad6""]",1.0,1.0,1.0,True,0.0,12288,True,4
"[""build"", ""docs"", ""feat"", ""refactor""]","[""build"", ""docs"", ""feat"", ""refactor""]",2.2299917000345886,"[""45bbdaba1490a3216decb2c1a88b8f7041a3d505"", ""16124286236edf03a6199720ba1629a35e3fe1aa"", ""3730075261bc81df68f9d10f12a2d6bbffd8493c"", ""0e4ede620dd9a2cdc13ab9cc6da05577b39fddb8""]",1.0,1.0,1.0,True,0.0,12288,True,4
"[""docs"", ""fix"", ""refactor"", ""test""]","[""docs"", ""fix"", ""refactor"", ""test""]",1.5375620950944722,"[""f58567e01509e53afff5dc6f3b59aaae18398eda"", ""f0c5ace9b5c5b7ea55da8607524d6cb68c615455"", ""8a9a022baa15befc325f87892c6bdae25b35bc33"", ""3c812f916e06a53b899e9e3dd79760b475fa4b87""]",1.0,1.0,1.0,True,0.0,12288,True,4
"[""build"", ""ci"", ""feat"", ""fix""]","[""build"", ""ci"", ""feat"", ""fix""]",2.667966691311449,"[""b8dfd5a2f39b4768cf070aeb9d09364577c626f9"", ""bda1822851d9be04f0d39f2213d1e2066eb115c8"", ""ba60e126299ad057772b5516d9ab390e770f1301"", ""238ba1990ea68eb64bdfc6b31efebad2acb01ad6""]",1.0,1.0,1.0,True,0.0,12288,True,4
"[""build"", ""docs"", ""refactor"", ""test""]","[""ci"", ""docs"", ""refactor"", ""test""]",1.692384159192443,"[""be44bbdeb52c6025e81c99528ed7b0d932c5be18"", ""16124286236edf03a6199720ba1629a35e3fe1aa"", ""0e4ede620dd9a2cdc13ab9cc6da05577b39fddb8"", ""076b9f5efc109b481074a81957e24ce9f4a69f08""]",0.75,0.75,0.75,False,0.2857142857142857,12288,True,4
"[""build"", ""feat"", ""refactor""]","[""build"", ""feat"", ""fix"", ""refactor""]",1.976216253824532,"[""45bbdaba1490a3216decb2c1a88b8f7041a3d505"", ""3730075261bc81df68f9d10f12a2d6bbffd8493c"", ""ccd1946a375e2ac10c3c591b04a435c4bc5170c2"", ""0e4ede620dd9a2cdc13ab9cc6da05577b39fddb8""]",1.0,0.75,0.8571428571428571,False,0.14285714285714285,12288,True,4
"[""ci"", ""docs"", ""feat"", ""refactor"", ""test""]","[""ci"", ""docs"", ""fix"", ""test""]",1.6471108119003475,"[""be44bbdeb52c6025e81c99528ed7b0d932c5be18"", ""16124286236edf03a6199720ba1629a35e3fe1aa"", ""ccd1946a375e2ac10c3c591b04a435c4bc5170c2"", ""076b9f5efc109b481074a81957e24ce9f4a69f08""]",0.6,0.75,0.6666666666666665,False,0.42857142857142855,12288,True,4
"[""build"", ""feat"", ""refactor"", ""test""]","[""ci"", ""feat"", ""refactor"", ""test""]",2.3112375237978995,"[""4c44543a3d9eea37e90a2316717feb01c0e0d83a"", ""8a954673531d6935f5517535b9068639ed5cff0d"", ""8f1034b79f894b4b1112a4bc1903f37f22f7f5ed"", ""6c7398993bc567ec84e4573b6ededbf50b1ef606""]",0.75,0.75,0.75,False,0.2857142857142857,12288,True,4
"[""build"", ""docs"", ""refactor"", ""test""]","[""build"", ""docs"", ""refactor"", ""test""]",1.8105087638832629,"[""0f38960851ac0fd159727d5dffb36f50268eec18"", ""3ee672483790ec71c700907a6e93af4698492026"", ""f5e80f75ead760ad0810e2b8579a062ac20f5f37"", ""8ee0611fbf0cd89abe7ae588f22e6ecb843598ea""]",1.0,1.0,1.0,True,0.0,12288,True,4
"[""ci"", ""docs"", ""feat"", ""fix""]","[""ci"", ""docs"", ""feat"", ""fix""]",1.5667764716781676,"[""6f5b1103c0893d13b42f1f7c6504c9c339840be3"", ""9849430b11b92ae58d94cfe4d0b06313c7eab550"", ""73211952964a79d97b434dd567e6d7d34be7feb5"", ""be2cbd9480fcbd60c3011ca57f1d761185cf52bd""]",1.0,1.0,1.0,True,0.0,12288,True,4
"[""build"", ""ci"", ""feat"", ""fix""]","[""build"", ""ci"", ""feat"", ""test""]",1.93178316578269,"[""45bbdaba1490a3216decb2c1a88b8f7041a3d505"", ""be44bbdeb52c6025e81c99528ed7b0d932c5be18"", ""3730075261bc81df68f9d10f12a2d6bbffd8493c"", ""076b9f5efc109b481074a81957e24ce9f4a69f08""]",0.75,0.75,0.75,False,0.2857142857142857,12288,True,4
"[""build"", ""docs"", ""fix"", ""refactor""]","[""build"", ""docs"", ""fix"", ""refactor""]",1.6120282472111285,"[""45bbdaba1490a3216decb2c1a88b8f7041a3d505"", ""b8a664c1b10f4e30a3e221a14211a3cdaf90b7f4"", ""ccd1946a375e2ac10c3c591b04a435c4bc5170c2"", ""0e4ede620dd9a2cdc13ab9cc6da05577b39fddb8""]",1.0,1.0,1.0,True,0.0,12288,True,4
"[""build"", ""feat"", ""fix"", ""refactor""]","[""build"", ""feat"", ""fix"", ""refactor""]",2.4182823901064694,"[""37b1cbfd3d2c462ef4f2a131e4172c38dc8d9ddf"", ""542f0cad5337de15428f0b6567ce4efd20a19a48"", ""ab1e60a97c6d5c688dacbd23bca40cb8f20c4ac3"", ""7adece9931eaef6aaf603b5567829bbdcb28f2d1""]",1.0,1.0,1.0,True,0.0,12288,True,4
"[""ci"", ""docs"", ""refactor"", ""test""]","[""ci"", ""docs"", ""fix"", ""test""]",1.498951552901417,"[""e7ecc8763152ed6f89dbf4a6f313c276549eb0b7"", ""29ace62b722bbebf20f0ed2d3fef0910e0973a5a"", ""2b1ad9d10fc5685ec75f362a73229569f03344ca"", ""6c7398993bc567ec84e4573b6ededbf50b1ef606""]",0.75,0.75,0.75,False,0.2857142857142857,12288,True,4
"[""ci"", ""feat"", ""docs"", ""test""]","[""ci"", ""feat"", ""refactor"", ""test""]",2.629379785154015,"[""6f5b1103c0893d13b42f1f7c6504c9c339840be3"", ""73211952964a79d97b434dd567e6d7d34be7feb5"", ""24760bc2613ed61c4552532907626e209c37b5e8"", ""625cbbca0d92b8756eac6fcacc795d90527d8975""]",0.75,0.75,0.75,False,0.2857142857142857,12288,True,4
"[""build"", ""docs"", ""feat"", ""test""]","[""build"", ""docs"", ""feat"", ""test""]",1.6976942848414183,"[""b7e38fb62aa6e8a30d72dec063b1adccd089d0aa"", ""9849430b11b92ae58d94cfe4d0b06313c7eab550"", ""73211952964a79d97b434dd567e6d7d34be7feb5"", ""625cbbca0d92b8756eac6fcacc795d90527d8975""]",1.0,1.0,1.0,True,0.0,12288,True,4
"[""build"", ""ci"", ""docs"", ""fix"", ""refactor""]","[""build"", ""ci"", ""fix"", ""refactor""]",1.8167879739776254,"[""45bbdaba1490a3216decb2c1a88b8f7041a3d505"", ""be44bbdeb52c6025e81c99528ed7b0d932c5be18"", ""ccd1946a375e2ac10c3c591b04a435c4bc5170c2"", ""0e4ede620dd9a2cdc13ab9cc6da05577b39fddb8""]",0.8,1.0,0.888888888888889,False,0.14285714285714285,12288,True,4
"[""build"", ""docs"", ""fix"", ""refactor""]","[""build"", ""docs"", ""fix"", ""refactor""]",2.699124268256128,"[""ecc481f9f501aa34b41e06e7bbdde6e79f8ca1bb"", ""ee7cc5d5a940fba774e715b1f029c6361110b108"", ""cc6408b88246f20c62884a5892a6276baf7c3920"", ""5748ff57ebafe94c4979eafa790d9a84812ca440""]",1.0,1.0,1.0,True,0.0,12288,True,4
"[""ci"", ""docs"", ""feat"", ""test""]","[""ci"", ""docs"", ""feat"", ""test""]",1.636291170027107,"[""6f5b1103c0893d13b42f1f7c6504c9c339840be3"", ""9849430b11b92ae58d94cfe4d0b06313c7eab550"", ""73211952964a79d97b434dd567e6d7d34be7feb5"", ""625cbbca0d92b8756eac6fcacc795d90527d8975""]",1.0,1.0,1.0,True,0.0,12288,True,4
"[""build"", ""ci"", ""feat"", ""fix"", ""refactor""]","[""build"", ""ci"", ""feat"", ""fix"", ""refactor""]",2.246184040326625,"[""b7e38fb62aa6e8a30d72dec063b1adccd089d0aa"", ""6f5b1103c0893d13b42f1f7c6504c9c339840be3"", ""73211952964a79d97b434dd567e6d7d34be7feb5"", ""be2cbd9480fcbd60c3011ca57f1d761185cf52bd"", ""3cb4a48ebd15c20692f4f3a2a924284dc7fd5e10""]",1.0,1.0,1.0,True,0.0,12288,True,5
"[""build"", ""docs"", ""feat"", ""fix"", ""test""]","[""build"", ""docs"", ""feat"", ""fix"", ""test""]",2.6310547087341547,"[""b7e38fb62aa6e8a30d72dec063b1adccd089d0aa"", ""01e1e33f377934099a4a725fab5cd6c5ff50eaa2"", ""73211952964a79d97b434dd567e6d7d34be7feb5"", ""be2cbd9480fcbd60c3011ca57f1d761185cf52bd"", ""625cbbca0d92b8756eac6fcacc795d90527d8975""]",1.0,1.0,1.0,True,0.0,12288,True,5
"[""ci"", ""docs"", ""feat"", ""fix"", ""test""]","[""ci"", ""docs"", ""feat"", ""refactor"", ""test""]",2.4770480073057115,"[""6f5b1103c0893d13b42f1f7c6504c9c339840be3"", ""9849430b11b92ae58d94cfe4d0b06313c7eab550"", ""73211952964a79d97b434dd567e6d7d34be7feb5"", ""6f638a53c18a66979b89220c9945ef97e49571b3"", ""625cbbca0d92b8756eac6fcacc795d90527d8975""]",0.8,0.8,0.8000000000000002,False,0.2857142857142857,12288,True,5
"[""feat"", ""docs"", ""fix"", ""refactor"", ""test""]","[""build"", ""docs"", ""fix"", ""refactor"", ""test""]",2.20474667288363,"[""2d4d735d94386f5045e3b3abc022c2edcdfaef8f"", ""969aa32659f6918cb0eeeba6b02d6485659dbdd2"", ""eb9f7b24364e86d7bcf50bb23b62c743cf5526f6"", ""3e0e30ecebaf23f0c36fa4811426f8f4e0057cfe"", ""e77f6751182595fe08940d67e11a90416c8dd6fd""]",0.8,0.8,0.8000000000000002,False,0.2857142857142857,12288,True,5
"[""build"", ""ci"", ""docs"", ""refactor"", ""test""]","[""build"", ""ci"", ""docs"", ""refactor"", ""test""]",2.001966416835785,"[""45bbdaba1490a3216decb2c1a88b8f7041a3d505"", ""be44bbdeb52c6025e81c99528ed7b0d932c5be18"", ""16124286236edf03a6199720ba1629a35e3fe1aa"", ""0e4ede620dd9a2cdc13ab9cc6da05577b39fddb8"", ""076b9f5efc109b481074a81957e24ce9f4a69f08""]",1.0,1.0,1.0,True,0.0,12288,True,5
"[""build"", ""feat"", ""fix"", ""refactor"", ""test""]","[""ci"", ""feat"", ""fix"", ""refactor"", ""test""]",3.054232132155448,"[""bb00890fa896936d0be09cc5e5f411fb5e64aa5f"", ""8a954673531d6935f5517535b9068639ed5cff0d"", ""2b1ad9d10fc5685ec75f362a73229569f03344ca"", ""d55088c612b1108ef566ec47e40fb8d1050f7451"", ""6c7398993bc567ec84e4573b6ededbf50b1ef606""]",0.8,0.8,0.8000000000000002,False,0.2857142857142857,12288,True,5
"[""build"", ""ci"", ""docs"", ""feat"", ""refactor""]","[""build"", ""ci"", ""docs"", ""feat"", ""fix""]",2.3581334371119738,"[""45bbdaba1490a3216decb2c1a88b8f7041a3d505"", ""be44bbdeb52c6025e81c99528ed7b0d932c5be18"", ""16124286236edf03a6199720ba1629a35e3fe1aa"", ""3730075261bc81df68f9d10f12a2d6bbffd8493c"", ""ccd1946a375e2ac10c3c591b04a435c4bc5170c2""]",0.8,0.8,0.8000000000000002,False,0.2857142857142857,12288,True,5
"[""build"", ""ci"", ""feat"", ""refactor"", ""test""]","[""build"", ""ci"", ""feat"", ""refactor"", ""test""]",2.4569357740692794,"[""45bbdaba1490a3216decb2c1a88b8f7041a3d505"", ""be44bbdeb52c6025e81c99528ed7b0d932c5be18"", ""3730075261bc81df68f9d10f12a2d6bbffd8493c"", ""0e4ede620dd9a2cdc13ab9cc6da05577b39fddb8"", ""076b9f5efc109b481074a81957e24ce9f4a69f08""]",1.0,1.0,1.0,True,0.0,12288,True,5
"[""ci"", ""docs"", ""feat"", ""fix"", ""refactor""]","[""ci"", ""docs"", ""feat"", ""fix"", ""refactor""]",3.418209988158196,"[""6f5b1103c0893d13b42f1f7c6504c9c339840be3"", ""eb51316cdfdc7258d287ba13b67ef2f42bd2b8f6"", ""73211952964a79d97b434dd567e6d7d34be7feb5"", ""be2cbd9480fcbd60c3011ca57f1d761185cf52bd"", ""fd53cd188555f5c3dc8bc341c5d7eb04b761a70f""]",1.0,1.0,1.0,True,0.0,12288,True,5
"[""build"", ""docs"", ""feat"", ""fix"", ""test""]","[""build"", ""docs"", ""feat"", ""fix"", ""test""]",2.631755006033927,"[""b7e38fb62aa6e8a30d72dec063b1adccd089d0aa"", ""eb51316cdfdc7258d287ba13b67ef2f42bd2b8f6"", ""73211952964a79d97b434dd567e6d7d34be7feb5"", ""be2cbd9480fcbd60c3011ca57f1d761185cf52bd"", ""625cbbca0d92b8756eac6fcacc795d90527d8975""]",1.0,1.0,1.0,True,0.0,12288,True,5
"[""build"", ""docs"", ""fix"", ""refactor"", ""test""]","[""build"", ""docs"", ""fix"", ""refactor"", ""test""]",1.8951981719583273,"[""45bbdaba1490a3216decb2c1a88b8f7041a3d505"", ""b8a664c1b10f4e30a3e221a14211a3cdaf90b7f4"", ""ccd1946a375e2ac10c3c591b04a435c4bc5170c2"", ""0e4ede620dd9a2cdc13ab9cc6da05577b39fddb8"", ""076b9f5efc109b481074a81957e24ce9f4a69f08""]",1.0,1.0,1.0,True,0.0,12288,True,5
"[""build"", ""ci"", ""docs"", ""feat"", ""refactor""]","[""build"", ""ci"", ""docs"", ""feat"", ""refactor""]",2.5597078120335937,"[""45bbdaba1490a3216decb2c1a88b8f7041a3d505"", ""be44bbdeb52c6025e81c99528ed7b0d932c5be18"", ""b8a664c1b10f4e30a3e221a14211a3cdaf90b7f4"", ""3730075261bc81df68f9d10f12a2d6bbffd8493c"", ""0e4ede620dd9a2cdc13ab9cc6da05577b39fddb8""]",1.0,1.0,1.0,True,0.0,12288,True,5
"[""ci"", ""feat"", ""fix"", ""refactor"", ""test""]","[""ci"", ""feat"", ""fix"", ""refactor"", ""test""]",2.248084279242903,"[""6f5b1103c0893d13b42f1f7c6504c9c339840be3"", ""73211952964a79d97b434dd567e6d7d34be7feb5"", ""be2cbd9480fcbd60c3011ca57f1d761185cf52bd"", ""eb8d919e6f3443db279ba0c902f15d76676c02dc"", ""625cbbca0d92b8756eac6fcacc795d90527d8975""]",1.0,1.0,1.0,True,0.0,12288,True,5
"[""build"", ""ci"", ""docs"", ""fix"", ""test""]","[""build"", ""ci"", ""docs"", ""fix"", ""test""]",2.109012035652995,"[""b7e38fb62aa6e8a30d72dec063b1adccd089d0aa"", ""6f5b1103c0893d13b42f1f7c6504c9c339840be3"", ""01e1e33f377934099a4a725fab5cd6c5ff50eaa2"", ""be2cbd9480fcbd60c3011ca57f1d761185cf52bd"", ""625cbbca0d92b8756eac6fcacc795d90527d8975""]",1.0,1.0,1.0,True,0.0,12288,True,5
"[""build"", ""ci"", ""docs"", ""fix"", ""test""]","[""build"", ""ci"", ""docs"", ""fix"", ""test""]",1.3961459202691913,"[""b7e38fb62aa6e8a30d72dec063b1adccd089d0aa"", ""6f5b1103c0893d13b42f1f7c6504c9c339840be3"", ""9849430b11b92ae58d94cfe4d0b06313c7eab550"", ""be2cbd9480fcbd60c3011ca57f1d761185cf52bd"", ""625cbbca0d92b8756eac6fcacc795d90527d8975""]",1.0,1.0,1.0,True,0.0,12288,True,5
"[""build"", ""docs"", ""feat"", ""refactor"", ""test""]","[""build"", ""docs"", ""feat"", ""fix"", ""refactor""]",2.410086609888822,"[""45bbdaba1490a3216decb2c1a88b8f7041a3d505"", ""b8a664c1b10f4e30a3e221a14211a3cdaf90b7f4"", ""3730075261bc81df68f9d10f12a2d6bbffd8493c"", ""ccd1946a375e2ac10c3c591b04a435c4bc5170c2"", ""0e4ede620dd9a2cdc13ab9cc6da05577b39fddb8""]",0.8,0.8,0.8000000000000002,False,0.2857142857142857,12288,True,5
"[""build"", ""ci"", ""feat"", ""refactor"", ""test""]","[""build"", ""ci"", ""feat"", ""refactor"", ""test""]",2.132473441772163,"[""b7e38fb62aa6e8a30d72dec063b1adccd089d0aa"", ""6f5b1103c0893d13b42f1f7c6504c9c339840be3"", ""73211952964a79d97b434dd567e6d7d34be7feb5"", ""816b0d49c45f6669c5aae748396e9551f2e30a96"", ""625cbbca0d92b8756eac6fcacc795d90527d8975""]",1.0,1.0,1.0,True,0.0,12288,True,5
"[""docs"", ""feat"", ""fix"", ""refactor"", ""test""]","[""docs"", ""feat"", ""fix"", ""refactor"", ""test""]",1.7189626721665263,"[""fc9af4d0b93d69be4e201ffb18da04324e8a4a87"", ""15b8e4bc9349ce017f65e10b95cae48b0aa11828"", ""eb9f7b24364e86d7bcf50bb23b62c743cf5526f6"", ""72e3eed599b3a3dd154575af344ac3e5c62dd07b"", ""e77f6751182595fe08940d67e11a90416c8dd6fd""]",1.0,1.0,1.0,True,0.0,12288,True,5
"[""ci"", ""feat"", ""refactor"", ""test""]","[""ci"", ""feat"", ""fix"", ""refactor"", ""test""]",3.100020879879594,"[""87d576e936e234d0429ad753267a2760c5dfd314"", ""8a954673531d6935f5517535b9068639ed5cff0d"", ""2b1ad9d10fc5685ec75f362a73229569f03344ca"", ""d55088c612b1108ef566ec47e40fb8d1050f7451"", ""6c7398993bc567ec84e4573b6ededbf50b1ef606""]",1.0,0.8,0.888888888888889,False,0.14285714285714285,12288,True,5
"[""build"", ""ci"", ""docs"", ""feat"", ""refactor""]","[""build"", ""ci"", ""docs"", ""feat"", ""refactor""]",2.5820989469066262,"[""b7e38fb62aa6e8a30d72dec063b1adccd089d0aa"", ""6f5b1103c0893d13b42f1f7c6504c9c339840be3"", ""9849430b11b92ae58d94cfe4d0b06313c7eab550"", ""73211952964a79d97b434dd567e6d7d34be7feb5"", ""3550066c886bf253df376f303a60ed475ac42aaa""]",1.0,1.0,1.0,True,0.0,12288,True,5
"[""build"", ""ci"", ""docs"", ""refactor"", ""test""]","[""build"", ""ci"", ""docs"", ""fix"", ""test""]",1.8431750992313027,"[""45bbdaba1490a3216decb2c1a88b8f7041a3d505"", ""be44bbdeb52c6025e81c99528ed7b0d932c5be18"", ""16124286236edf03a6199720ba1629a35e3fe1aa"", ""ccd1946a375e2ac10c3c591b04a435c4bc5170c2"", ""076b9f5efc109b481074a81957e24ce9f4a69f08""]",0.8,0.8,0.8000000000000002,False,0.2857142857142857,12288,True,5
"[""build"", ""ci"", ""docs"", ""feat"", ""test""]","[""build"", ""ci"", ""docs"", ""feat"", ""test""]",2.62899296823889,"[""b7e38fb62aa6e8a30d72dec063b1adccd089d0aa"", ""6f5b1103c0893d13b42f1f7c6504c9c339840be3"", ""01e1e33f377934099a4a725fab5cd6c5ff50eaa2"", ""73211952964a79d97b434dd567e6d7d34be7feb5"", ""625cbbca0d92b8756eac6fcacc795d90527d8975""]",1.0,1.0,1.0,True,0.0,12288,True,5
"[""ci"", ""docs"", ""feat"", ""refactor"", ""test""]","[""ci"", ""docs"", ""feat"", ""fix"", ""refactor""]",2.2759176967665553,"[""976c34b6fdc32a7f3337f98e67a7c9e4ee9e793e"", ""7f611e4208d0cc36c635eb0641a4b3258999ae8d"", ""8a954673531d6935f5517535b9068639ed5cff0d"", ""2b1ad9d10fc5685ec75f362a73229569f03344ca"", ""8f1034b79f894b4b1112a4bc1903f37f22f7f5ed""]",0.8,0.8,0.8000000000000002,False,0.2857142857142857,12288,True,5
"[""build"", ""feat"", ""fix"", ""refactor"", ""test""]","[""build"", ""feat"", ""fix"", ""refactor"", ""test""]",3.645099268760532,"[""bfe32bf10e9b6d699f694fbd095af0b3f2e6275f"", ""482442ecc1aaf981895a36c367abbd377fd93891"", ""80242b34468398e835e5b3fc5ac345dbae4bcc7e"", ""d4d8bdd3a0a5cec993735abc2e8cc2feff8eae27"", ""cd2bfb9b2298e8cd91013808547b35a9c40f46f1""]",1.0,1.0,1.0,True,0.0,12288,True,5
"[""ci"", ""docs"", ""fix"", ""refactor"", ""test""]","[""ci"", ""docs"", ""fix"", ""refactor"", ""test""]",2.8304052893072367,"[""6f5b1103c0893d13b42f1f7c6504c9c339840be3"", ""01e1e33f377934099a4a725fab5cd6c5ff50eaa2"", ""be2cbd9480fcbd60c3011ca57f1d761185cf52bd"", ""6f638a53c18a66979b89220c9945ef97e49571b3"", ""625cbbca0d92b8756eac6fcacc795d90527d8975""]",1.0,1.0,1.0,True,0.0,12288,True,5
"[""build"", ""ci"", ""feat"", ""refactor"", ""test""]","[""build"", ""ci"", ""feat"", ""refactor"", ""test""]",2.690102354157716,"[""b7e38fb62aa6e8a30d72dec063b1adccd089d0aa"", ""6f5b1103c0893d13b42f1f7c6504c9c339840be3"", ""73211952964a79d97b434dd567e6d7d34be7feb5"", ""bc4495b32ec752b6c4b29719e831c043ef2a26ce"", ""625cbbca0d92b8756eac6fcacc795d90527d8975""]",1.0,1.0,1.0,True,0.0,12288,True,5
"[""build"", ""ci"", ""docs"", ""feat"", ""fix""]","[""build"", ""ci"", ""docs"", ""feat"", ""fix""]",2.5655578928999603,"[""b7e38fb62aa6e8a30d72dec063b1adccd089d0aa"", ""6f5b1103c0893d13b42f1f7c6504c9c339840be3"", ""eb51316cdfdc7258d287ba13b67ef2f42bd2b8f6"", ""73211952964a79d97b434dd567e6d7d34be7feb5"", ""be2cbd9480fcbd60c3011ca57f1d761185cf52bd""]",1.0,1.0,1.0,True,0.0,12288,True,5
"[""build"", ""docs"", ""fix"", ""refactor"", ""test""]","[""build"", ""docs"", ""fix"", ""refactor"", ""test""]",2.8262531273066998,"[""ecc481f9f501aa34b41e06e7bbdde6e79f8ca1bb"", ""ee7cc5d5a940fba774e715b1f029c6361110b108"", ""45b386aa3f06bce06f5e03fbde0aa52c4051c8bc"", ""5748ff57ebafe94c4979eafa790d9a84812ca440"", ""87427fe39d165bee2acedde8dbaa237cca3fb61e""]",1.0,1.0,1.0,True,0.0,12288,True,5
"[""ci"", ""docs"", ""feat"", ""fix"", ""test""]","[""ci"", ""docs"", ""feat"", ""fix"", ""test""]",2.6777896070852876,"[""6f5b1103c0893d13b42f1f7c6504c9c339840be3"", ""eb51316cdfdc7258d287ba13b67ef2f42bd2b8f6"", ""73211952964a79d97b434dd567e6d7d34be7feb5"", ""be2cbd9480fcbd60c3011ca57f1d761185cf52bd"", ""625cbbca0d92b8756eac6fcacc795d90527d8975""]",1.0,1.0,1.0,True,0.0,12288,True,5
"[""build"", ""docs"", ""feat"", ""fix"", ""refactor""]","[""build"", ""docs"", ""feat"", ""fix"", ""refactor""]",2.965616618283093,"[""ecc481f9f501aa34b41e06e7bbdde6e79f8ca1bb"", ""ee7cc5d5a940fba774e715b1f029c6361110b108"", ""f9a094918b62534614c47aa8a13f33aec751a1e0"", ""cc6408b88246f20c62884a5892a6276baf7c3920"", ""5748ff57ebafe94c4979eafa790d9a84812ca440""]",1.0,1.0,1.0,True,0.0,12288,True,5
"[""build"", ""ci"", ""feat"", ""refactor"", ""test""]","[""build"", ""ci"", ""feat"", ""refactor"", ""test""]",3.1029815338552,"[""b8dfd5a2f39b4768cf070aeb9d09364577c626f9"", ""bda1822851d9be04f0d39f2213d1e2066eb115c8"", ""ba60e126299ad057772b5516d9ab390e770f1301"", ""d4d8bdd3a0a5cec993735abc2e8cc2feff8eae27"", ""b7e2330fa3a8d7b8a9bff01b707c44e64b845c7b""]",1.0,1.0,1.0,True,0.0,12288,True,5
"[""build"", ""ci"", ""docs"", ""fix"", ""refactor"", ""test""]","[""build"", ""ci"", ""fix"", ""refactor"", ""test""]",1.9506180328316987,"[""4542d9973a848a2bd4f9baf12992efe7d7a69f2c"", ""db55dae208e4807898e6c747cefdf9bfcb4fd08c"", ""c4d9e5023fa0f88ba283b37da27677ceda1cbfbb"", ""f86944ff00b970d7e2da48abbff43e58bdf29b99"", ""1f663cbe4b4a9e7a0ae89c05f824335f2a0857fd""]",0.8333333333333334,1.0,0.9090909090909091,False,0.14285714285714285,12288,True,5
"[""build"", ""docs"", ""feat"", ""refactor"", ""test""]","[""build"", ""docs"", ""feat"", ""refactor"", ""test""]",2.087341452948749,"[""0f38960851ac0fd159727d5dffb36f50268eec18"", ""e0177c25e13812306aab0b0991562d58b6d14767"", ""1ae8bf1195b197daa80ba6e45360f8b894364cd4"", ""336b25f3ae9da5d972304662fcdb88f4719c721d"", ""8ee0611fbf0cd89abe7ae588f22e6ecb843598ea""]",1.0,1.0,1.0,True,0.0,12288,True,5
"[""ci"", ""docs"", ""feat"", ""fix"", ""test""]","[""ci"", ""docs"", ""feat"", ""fix"", ""test""]",2.465464018750936,"[""8d2e23bde626eaed6e5b13384cc7ac38bab5ea66"", ""527e0abd0f88cb3ae2dc1a6ec7a62c241250444d"", ""4a4c7afca7e1beadd4b213214074fdb420eb0923"", ""a81bbb83d64867f08c4d1be10919ef6806a1bf51"", ""cdbc37711fa9c64b2cfa767766ca55c95c1736f7""]",1.0,1.0,1.0,True,0.0,12288,True,5
"[""build"", ""ci"", ""docs"", ""fix"", ""refactor""]","[""build"", ""ci"", ""docs"", ""fix"", ""refactor""]",2.205985066946596,"[""b7e38fb62aa6e8a30d72dec063b1adccd089d0aa"", ""6f5b1103c0893d13b42f1f7c6504c9c339840be3"", ""9849430b11b92ae58d94cfe4d0b06313c7eab550"", ""be2cbd9480fcbd60c3011ca57f1d761185cf52bd"", ""03e413d7175d35827cd7d8908d47dbae15a849a3""]",1.0,1.0,1.0,True,0.0,12288,True,5
"[""build"", ""ci"", ""docs"", ""fix"", ""refactor""]","[""build"", ""ci"", ""docs"", ""fix"", ""refactor""]",2.8303761170245707,"[""b7e38fb62aa6e8a30d72dec063b1adccd089d0aa"", ""6f5b1103c0893d13b42f1f7c6504c9c339840be3"", ""01e1e33f377934099a4a725fab5cd6c5ff50eaa2"", ""be2cbd9480fcbd60c3011ca57f1d761185cf52bd"", ""3550066c886bf253df376f303a60ed475ac42aaa""]",1.0,1.0,1.0,True,0.0,12288,True,5
"[""build"", ""ci"", ""feat"", ""fix"", ""test""]","[""build"", ""ci"", ""feat"", ""fix"", ""test""]",1.8658195938915014,"[""b7e38fb62aa6e8a30d72dec063b1adccd089d0aa"", ""6f5b1103c0893d13b42f1f7c6504c9c339840be3"", ""73211952964a79d97b434dd567e6d7d34be7feb5"", ""be2cbd9480fcbd60c3011ca57f1d761185cf52bd"", ""625cbbca0d92b8756eac6fcacc795d90527d8975""]",1.0,1.0,1.0,True,0.0,12288,True,5
"[""docs"", ""feat"", ""fix"", ""refactor"", ""test""]","[""docs"", ""feat"", ""fix"", ""refactor"", ""test""]",2.692353697028011,"[""9849430b11b92ae58d94cfe4d0b06313c7eab550"", ""73211952964a79d97b434dd567e6d7d34be7feb5"", ""be2cbd9480fcbd60c3011ca57f1d761185cf52bd"", ""fd61615d1a7be9d13de2114a01e2d0ad63b59274"", ""625cbbca0d92b8756eac6fcacc795d90527d8975""]",1.0,1.0,1.0,True,0.0,12288,True,5
"[""build"", ""ci"", ""docs"", ""feat"", ""refactor""]","[""build"", ""ci"", ""docs"", ""feat"", ""refactor""]",3.0328455199487507,"[""b7e38fb62aa6e8a30d72dec063b1adccd089d0aa"", ""6f5b1103c0893d13b42f1f7c6504c9c339840be3"", ""01e1e33f377934099a4a725fab5cd6c5ff50eaa2"", ""73211952964a79d97b434dd567e6d7d34be7feb5"", ""eafee3c5c124ce0c71fd854270cea39cc273b27c""]",1.0,1.0,1.0,True,0.0,12288,True,5
"[""build"", ""feat"", ""fix"", ""refactor"", ""test""]","[""build"", ""feat"", ""fix"", ""refactor"", ""test""]",2.707976774778217,"[""b7e38fb62aa6e8a30d72dec063b1adccd089d0aa"", ""73211952964a79d97b434dd567e6d7d34be7feb5"", ""be2cbd9480fcbd60c3011ca57f1d761185cf52bd"", ""7005cf8c47416583e3d9fa91c3bd50113155c91a"", ""625cbbca0d92b8756eac6fcacc795d90527d8975""]",1.0,1.0,1.0,True,0.0,12288,True,5
"[""build"", ""ci"", ""docs"", ""feat"", ""fix""]","[""build"", ""ci"", ""docs"", ""feat"", ""test""]",2.2707034992054105,"[""45bbdaba1490a3216decb2c1a88b8f7041a3d505"", ""be44bbdeb52c6025e81c99528ed7b0d932c5be18"", ""16124286236edf03a6199720ba1629a35e3fe1aa"", ""3730075261bc81df68f9d10f12a2d6bbffd8493c"", ""076b9f5efc109b481074a81957e24ce9f4a69f08""]",0.8,0.8,0.8000000000000002,False,0.2857142857142857,12288,True,5
"[""ci"", ""docs"", ""feat"", ""refactor"", ""test""]","[""ci"", ""docs"", ""fix"", ""refactor"", ""test""]",1.9461511690169573,"[""be44bbdeb52c6025e81c99528ed7b0d932c5be18"", ""16124286236edf03a6199720ba1629a35e3fe1aa"", ""ccd1946a375e2ac10c3c591b04a435c4bc5170c2"", ""0e4ede620dd9a2cdc13ab9cc6da05577b39fddb8"", ""076b9f5efc109b481074a81957e24ce9f4a69f08""]",0.8,0.8,0.8000000000000002,False,0.2857142857142857,12288,True,5
"[""build"", ""docs"", ""feat"", ""refactor"", ""test""]","[""build"", ""docs"", ""feat"", ""refactor"", ""test""]",3.791223218664527,"[""ecc481f9f501aa34b41e06e7bbdde6e79f8ca1bb"", ""144388439d64e049cbed4e37659e819856d6987f"", ""ded26d768ff432ad3bde3c0aa1e95ce50726100a"", ""5748ff57ebafe94c4979eafa790d9a84812ca440"", ""87427fe39d165bee2acedde8dbaa237cca3fb61e""]",1.0,1.0,1.0,True,0.0,12288,True,5
"[""ci"", ""docs"", ""feat"", ""fix"", ""refactor""]","[""ci"", ""docs"", ""feat"", ""fix"", ""refactor""]",3.4057194916531444,"[""6f5b1103c0893d13b42f1f7c6504c9c339840be3"", ""eb51316cdfdc7258d287ba13b67ef2f42bd2b8f6"", ""73211952964a79d97b434dd567e6d7d34be7feb5"", ""be2cbd9480fcbd60c3011ca57f1d761185cf52bd"", ""d357640fab55e5964fe83efc3c771e53aa3222fd""]",1.0,1.0,1.0,True,0.0,12288,True,5
"[""build"", ""ci"", ""docs"", ""feat"", ""refactor"", ""test""]","[""build"", ""ci"", ""fix"", ""refactor"", ""test""]",2.0753953959792852,"[""45bbdaba1490a3216decb2c1a88b8f7041a3d505"", ""be44bbdeb52c6025e81c99528ed7b0d932c5be18"", ""ccd1946a375e2ac10c3c591b04a435c4bc5170c2"", ""0e4ede620dd9a2cdc13ab9cc6da05577b39fddb8"", ""076b9f5efc109b481074a81957e24ce9f4a69f08""]",0.6666666666666666,0.8,0.7272727272727272,False,0.42857142857142855,12288,True,5
"[""build"", ""ci"", ""docs"", ""feat"", ""fix""]","[""build"", ""ci"", ""docs"", ""feat"", ""test""]",2.1912830639630556,"[""45bbdaba1490a3216decb2c1a88b8f7041a3d505"", ""be44bbdeb52c6025e81c99528ed7b0d932c5be18"", ""b8a664c1b10f4e30a3e221a14211a3cdaf90b7f4"", ""3730075261bc81df68f9d10f12a2d6bbffd8493c"", ""076b9f5efc109b481074a81957e24ce9f4a69f08""]",0.8,0.8,0.8000000000000002,False,0.2857142857142857,12288,True,5
"[""build"", ""ci"", ""docs"", ""fix"", ""refactor""]","[""build"", ""ci"", ""docs"", ""fix"", ""refactor""]",2.1631455654278398,"[""b7e38fb62aa6e8a30d72dec063b1adccd089d0aa"", ""6f5b1103c0893d13b42f1f7c6504c9c339840be3"", ""eb51316cdfdc7258d287ba13b67ef2f42bd2b8f6"", ""be2cbd9480fcbd60c3011ca57f1d761185cf52bd"", ""190aef43fd30e693af822c176f9b686591568719""]",1.0,1.0,1.0,True,0.0,12288,True,5
"[""build"", ""feat"", ""fix"", ""refactor"", ""test""]","[""build"", ""feat"", ""fix"", ""refactor"", ""test""]",1.8106065676547587,"[""b0866f62417f56bdd5a46e8f14278af79efc4d76"", ""a84d6715a4df12cc0ee9aa6f2596ce3b04353958"", ""eebee9ab0bb6d4255ad0402d8422364e96bfef61"", ""e8a8edadc5c25d6410462b89a48e0602e0cbbc7f"", ""e77f6751182595fe08940d67e11a90416c8dd6fd""]",1.0,1.0,1.0,True,0.0,12288,True,5
"[""ci"", ""docs"", ""feat"", ""refactor"", ""test""]","[""ci"", ""docs"", ""feat"", ""fix"", ""test""]",2.6359703661873937,"[""8d2e23bde626eaed6e5b13384cc7ac38bab5ea66"", ""036a0ff49a7dade0e04c9c07071a1ff49133ee24"", ""bbb6ee10de824f2e3259576ac01768640c884279"", ""f9d9f859240c6f7e78b0303ea40e46622d42bc3c"", ""cdbc37711fa9c64b2cfa767766ca55c95c1736f7""]",0.8,0.8,0.8000000000000002,False,0.2857142857142857,12288,True,5
"[""build"", ""ci"", ""feat"", ""refactor"", ""test""]","[""build"", ""ci"", ""feat"", ""refactor"", ""test""]",2.7114636208862066,"[""b7e38fb62aa6e8a30d72dec063b1adccd089d0aa"", ""6f5b1103c0893d13b42f1f7c6504c9c339840be3"", ""73211952964a79d97b434dd567e6d7d34be7feb5"", ""8da0303bc02db5fe047cfc0631a9da41d9dc60f7"", ""625cbbca0d92b8756eac6fcacc795d90527d8975""]",1.0,1.0,1.0,True,0.0,12288,True,5
"[""build"", ""ci"", ""docs"", ""feat"", ""fix""]","[""build"", ""ci"", ""docs"", ""feat"", ""fix""]",1.8407085789367557,"[""b7e38fb62aa6e8a30d72dec063b1adccd089d0aa"", ""6f5b1103c0893d13b42f1f7c6504c9c339840be3"", ""9849430b11b92ae58d94cfe4d0b06313c7eab550"", ""73211952964a79d97b434dd567e6d7d34be7feb5"", ""be2cbd9480fcbd60c3011ca57f1d761185cf52bd""]",1.0,1.0,1.0,True,0.0,12288,True,5
"[""ci"", ""docs"", ""refactor"", ""test""]","[""ci"", ""docs"", ""fix"", ""refactor"", ""test""]",1.6138507621362805,"[""db2dbc13d7da2ae85cd3206d330be8ed0ebe1b2c"", ""12257ce53f94dc902df4ba087de90f52d2840ad4"", ""2b1ad9d10fc5685ec75f362a73229569f03344ca"", ""8f1034b79f894b4b1112a4bc1903f37f22f7f5ed"", ""6c7398993bc567ec84e4573b6ededbf50b1ef606""]",1.0,0.8,0.888888888888889,False,0.14285714285714285,12288,True,5
"[""docs"", ""feat"", ""fix"", ""refactor"", ""test""]","[""docs"", ""feat"", ""fix"", ""refactor"", ""test""]",3.0567822558805346,"[""eb51316cdfdc7258d287ba13b67ef2f42bd2b8f6"", ""73211952964a79d97b434dd567e6d7d34be7feb5"", ""be2cbd9480fcbd60c3011ca57f1d761185cf52bd"", ""eb8d919e6f3443db279ba0c902f15d76676c02dc"", ""625cbbca0d92b8756eac6fcacc795d90527d8975""]",1.0,1.0,1.0,True,0.0,12288,True,5
"[""build"", ""ci"", ""feat"", ""fix"", ""refactor""]","[""build"", ""ci"", ""feat"", ""fix"", ""refactor""]",3.3886339170858264,"[""454003841aabeb74396d73541378bfa59c75b5db"", ""bda1822851d9be04f0d39f2213d1e2066eb115c8"", ""9114362b39f5194209cd0b330af7076333f3db77"", ""80242b34468398e835e5b3fc5ac345dbae4bcc7e"", ""fba4326c72fc22d81aba6976a9fef1e4b6154fd9""]",1.0,1.0,1.0,True,0.0,12288,True,5
"[""build"", ""docs"", ""feat"", ""fix"", ""test""]","[""build"", ""docs"", ""feat"", ""fix"", ""test""]",2.45072512421757,"[""ecc481f9f501aa34b41e06e7bbdde6e79f8ca1bb"", ""144388439d64e049cbed4e37659e819856d6987f"", ""8b9176b44bb01a1eef497a403b0304bc389c9aee"", ""45b386aa3f06bce06f5e03fbde0aa52c4051c8bc"", ""3c04162664b130c9486cba54afc16b6e57c779d1""]",1.0,1.0,1.0,True,0.0,12288,True,5
"[""build"", ""ci"", ""docs"", ""refactor"", ""test""]","[""build"", ""ci"", ""docs"", ""refactor"", ""test""]",2.567777893971652,"[""b7e38fb62aa6e8a30d72dec063b1adccd089d0aa"", ""6f5b1103c0893d13b42f1f7c6504c9c339840be3"", ""01e1e33f377934099a4a725fab5cd6c5ff50eaa2"", ""3cb4a48ebd15c20692f4f3a2a924284dc7fd5e10"", ""625cbbca0d92b8756eac6fcacc795d90527d8975""]",1.0,1.0,1.0,True,0.0,12288,True,5
"[""build"", ""ci"", ""docs"", ""refactor"", ""test""]","[""build"", ""ci"", ""docs"", ""refactor"", ""test""]",1.921072374098003,"[""45bbdaba1490a3216decb2c1a88b8f7041a3d505"", ""be44bbdeb52c6025e81c99528ed7b0d932c5be18"", ""b8a664c1b10f4e30a3e221a14211a3cdaf90b7f4"", ""0e4ede620dd9a2cdc13ab9cc6da05577b39fddb8"", ""076b9f5efc109b481074a81957e24ce9f4a69f08""]",1.0,1.0,1.0,True,0.0,12288,True,5
"[""ci"", ""docs"", ""feat"", ""fix"", ""refactor""]","[""ci"", ""docs"", ""feat"", ""fix"", ""refactor""]",2.860447709914297,"[""6f5b1103c0893d13b42f1f7c6504c9c339840be3"", ""01e1e33f377934099a4a725fab5cd6c5ff50eaa2"", ""73211952964a79d97b434dd567e6d7d34be7feb5"", ""be2cbd9480fcbd60c3011ca57f1d761185cf52bd"", ""7d6f760a91b55967972bbd1b972307624e876805""]",1.0,1.0,1.0,True,0.0,12288,True,5
"[""build"", ""ci"", ""feat"", ""fix"", ""test""]","[""build"", ""ci"", ""feat"", ""fix"", ""test""]",2.9749533920548856,"[""bfe32bf10e9b6d699f694fbd095af0b3f2e6275f"", ""bda1822851d9be04f0d39f2213d1e2066eb115c8"", ""988dda23984894cea097d64646196e8d6196d6b6"", ""238ba1990ea68eb64bdfc6b31efebad2acb01ad6"", ""b7e2330fa3a8d7b8a9bff01b707c44e64b845c7b""]",1.0,1.0,1.0,True,0.0,12288,True,5
"[""build"", ""ci"", ""docs"", ""refactor"", ""test""]","[""build"", ""ci"", ""docs"", ""refactor"", ""test""]",1.607930094935,"[""b7e38fb62aa6e8a30d72dec063b1adccd089d0aa"", ""6f5b1103c0893d13b42f1f7c6504c9c339840be3"", ""9849430b11b92ae58d94cfe4d0b06313c7eab550"", ""816b0d49c45f6669c5aae748396e9551f2e30a96"", ""625cbbca0d92b8756eac6fcacc795d90527d8975""]",1.0,1.0,1.0,True,0.0,12288,True,5
"[""docs"", ""feat"", ""fix"", ""refactor"", ""test""]","[""docs"", ""feat"", ""fix"", ""refactor"", ""test""]",2.8802043749019504,"[""01e1e33f377934099a4a725fab5cd6c5ff50eaa2"", ""73211952964a79d97b434dd567e6d7d34be7feb5"", ""be2cbd9480fcbd60c3011ca57f1d761185cf52bd"", ""190aef43fd30e693af822c176f9b686591568719"", ""625cbbca0d92b8756eac6fcacc795d90527d8975""]",1.0,1.0,1.0,True,0.0,12288,True,5
"[""build"", ""ci"", ""docs"", ""feat"", ""fix""]","[""build"", ""ci"", ""docs"", ""feat"", ""fix""]",2.564250962808728,"[""b7e38fb62aa6e8a30d72dec063b1adccd089d0aa"", ""6f5b1103c0893d13b42f1f7c6504c9c339840be3"", ""01e1e33f377934099a4a725fab5cd6c5ff50eaa2"", ""73211952964a79d97b434dd567e6d7d34be7feb5"", ""be2cbd9480fcbd60c3011ca57f1d761185cf52bd""]",1.0,1.0,1.0,True,0.0,12288,True,5
"[""docs"", ""feat"", ""refactor"", ""test""]","[""docs"", ""feat"", ""fix"", ""refactor"", ""test""]",2.9160899450071156,"[""8dfd2af29bf784b242992ee9ec0fbc85753b063c"", ""8a954673531d6935f5517535b9068639ed5cff0d"", ""2b1ad9d10fc5685ec75f362a73229569f03344ca"", ""d55088c612b1108ef566ec47e40fb8d1050f7451"", ""6c7398993bc567ec84e4573b6ededbf50b1ef606""]",1.0,0.8,0.888888888888889,False,0.14285714285714285,12288,True,5
"[""build"", ""ci"", ""fix"", ""refactor"", ""test""]","[""build"", ""ci"", ""fix"", ""refactor"", ""test""]",2.926057917997241,"[""bfe32bf10e9b6d699f694fbd095af0b3f2e6275f"", ""bda1822851d9be04f0d39f2213d1e2066eb115c8"", ""80242b34468398e835e5b3fc5ac345dbae4bcc7e"", ""fba4326c72fc22d81aba6976a9fef1e4b6154fd9"", ""7c48976f943e1e9b5850967b6f2963a205476ded""]",1.0,1.0,1.0,True,0.0,12288,True,5
"[""build"", ""ci"", ""docs"", ""feat"", ""refactor""]","[""build"", ""ci"", ""docs"", ""feat"", ""refactor""]",2.741106302011758,"[""45bbdaba1490a3216decb2c1a88b8f7041a3d505"", ""be44bbdeb52c6025e81c99528ed7b0d932c5be18"", ""16124286236edf03a6199720ba1629a35e3fe1aa"", ""3730075261bc81df68f9d10f12a2d6bbffd8493c"", ""0e4ede620dd9a2cdc13ab9cc6da05577b39fddb8""]",1.0,1.0,1.0,True,0.0,12288,True,5
"[""build"", ""ci"", ""feat"", ""fix"", ""test""]","[""build"", ""ci"", ""feat"", ""fix"", ""test""]",3.6455025617033243,"[""bfe32bf10e9b6d699f694fbd095af0b3f2e6275f"", ""bda1822851d9be04f0d39f2213d1e2066eb115c8"", ""482442ecc1aaf981895a36c367abbd377fd93891"", ""80242b34468398e835e5b3fc5ac345dbae4bcc7e"", ""7c48976f943e1e9b5850967b6f2963a205476ded""]",1.0,1.0,1.0,True,0.0,12288,True,5
"[""build"", ""docs"", ""feat"", ""fix"", ""refactor""]","[""build"", ""docs"", ""feat"", ""fix"", ""refactor""]",3.028746381867677,"[""b7e38fb62aa6e8a30d72dec063b1adccd089d0aa"", ""01e1e33f377934099a4a725fab5cd6c5ff50eaa2"", ""73211952964a79d97b434dd567e6d7d34be7feb5"", ""be2cbd9480fcbd60c3011ca57f1d761185cf52bd"", ""eafee3c5c124ce0c71fd854270cea39cc273b27c""]",1.0,1.0,1.0,True,0.0,12288,True,5
"[""build"", ""ci"", ""docs"", ""refactor"", ""test""]","[""build"", ""ci"", ""docs"", ""refactor"", ""test""]",2.4553318643011153,"[""b7e38fb62aa6e8a30d72dec063b1adccd089d0aa"", ""6f5b1103c0893d13b42f1f7c6504c9c339840be3"", ""eb51316cdfdc7258d287ba13b67ef2f42bd2b8f6"", ""7d6f760a91b55967972bbd1b972307624e876805"", ""625cbbca0d92b8756eac6fcacc795d90527d8975""]",1.0,1.0,1.0,True,0.0,12288,True,5
"[""ci"", ""docs"", ""feat"", ""fix"", ""refactor"", ""test""]","[""ci"", ""docs"", ""feat"", ""fix"", ""test""]",2.462480588350445,"[""8d2e23bde626eaed6e5b13384cc7ac38bab5ea66"", ""036a0ff49a7dade0e04c9c07071a1ff49133ee24"", ""6b473cbdc5997af47c56a2a74f5b64da6d4c2ad7"", ""f9d9f859240c6f7e78b0303ea40e46622d42bc3c"", ""cdbc37711fa9c64b2cfa767766ca55c95c1736f7""]",0.8333333333333334,1.0,0.9090909090909091,False,0.14285714285714285,12288,True,5
