predicted_types,actual_types,inference_time,shas,precision,recall,f1,exact_match,hamming_loss,context_len,with_message,concern_count
"[""refactor""]","[""fix""]",0.28842830657958984,['87d5d4e55ab7149b593d29410f1fe426ba2447d4'],0.0,0.0,0.0,False,0.2857142857142857,1024,False,1
"[""test""]","[""test""]",0.33477067947387695,['317f4eefecddfb1392ca71d551840f446feee302'],1.0,1.0,1.0,True,0.0,1024,False,1
"[""ci""]","[""ci""]",0.32297658920288086,['c5fa7b80438fbd74f4c341f0d3c9bd9e0f4910da'],1.0,1.0,1.0,True,0.0,1024,False,1
"[""ci""]","[""ci""]",0.30780601501464844,['e7a67d88173566be3cd3aed7e9eeb7e29aabbc57'],1.0,1.0,1.0,True,0.0,1024,False,1
"[""fix""]","[""fix""]",0.2737619876861572,['d129eaf9125a967ac86c6c7276bbae6b4d50af36'],1.0,1.0,1.0,True,0.0,1024,False,1
"[""fix""]","[""build""]",0.2921013832092285,['1269431c8a3e7549f10fcbbb4b88ff625c8898b3'],0.0,0.0,0.0,False,0.2857142857142857,1024,False,1
"[""feat""]","[""refactor""]",0.25876855850219727,['535708ae50aecb452560a23356fd396f99ef13a2'],0.0,0.0,0.0,False,0.2857142857142857,1024,False,1
"[""feat""]","[""feat""]",0.2496809959411621,['68278b00450f2679761a2999500f6d87a579376b'],1.0,1.0,1.0,True,0.0,1024,False,1
"[""ci""]","[""ci""]",0.2278139591217041,['6c9cb638cb4d1ecc42632fcf389c24898c5b3244'],1.0,1.0,1.0,True,0.0,1024,False,1
"[""refactor""]","[""test""]",0.28882551193237305,['c7b25726df94a2530c9b1c0d2b6a0acaa103822f'],0.0,0.0,0.0,False,0.2857142857142857,1024,False,1
"[""feat""]","[""feat""]",0.32193851470947266,['1bcf88670b50155b50071e707f98f30cea0b7a24'],1.0,1.0,1.0,True,0.0,1024,False,1
"[""build""]","[""build""]",0.3726785182952881,['454003841aabeb74396d73541378bfa59c75b5db'],1.0,1.0,1.0,True,0.0,1024,False,1
"[""ci""]","[""ci""]",0.22200965881347656,['dbb537a26e388a8d7d17faf131abc30c2f7a84e6'],1.0,1.0,1.0,True,0.0,1024,False,1
"[""docs""]","[""docs""]",0.22980880737304688,['bf83c9155e9bee6925aa7102fab53fb803d52533'],1.0,1.0,1.0,True,0.0,1024,False,1
"[""feat""]","[""feat""]",0.22601032257080078,['dc5238b2bda98a7c4f2fe9584fc3b0191a408109'],1.0,1.0,1.0,True,0.0,1024,False,1
"[""ci""]","[""ci""]",0.2858927249908447,['74e9de5ec97dc013a52aa063dff0f40ac74c407b'],1.0,1.0,1.0,True,0.0,1024,False,1
"[""test""]","[""test""]",0.26606249809265137,['b7ce2894fd1794064bd6db4ed730bb6cb7728739'],1.0,1.0,1.0,True,0.0,1024,False,1
"[""ci""]","[""build""]",0.22544288635253906,['32b92cfa0b74a6c25990e32ac6aab12b8496794c'],0.0,0.0,0.0,False,0.2857142857142857,1024,False,1
"[""refactor""]","[""fix""]",0.31778621673583984,['bed78248c941d57ad4cc20a455147e186e97c7a1'],0.0,0.0,0.0,False,0.2857142857142857,1024,False,1
"[""test""]","[""test""]",0.25067925453186035,['f411e58cd510f8a2b980b2f1932003a0c0e9f8f3'],1.0,1.0,1.0,True,0.0,1024,False,1
"[""feat""]","[""feat""]",0.2509925365447998,['f9a094918b62534614c47aa8a13f33aec751a1e0'],1.0,1.0,1.0,True,0.0,1024,False,1
"[""docs""]","[""docs""]",0.2596888542175293,['aca23027da1295c78fdf42ba9687d8ccc88784d7'],1.0,1.0,1.0,True,0.0,1024,False,1
"[""build""]","[""build""]",0.2606997489929199,['37b1cbfd3d2c462ef4f2a131e4172c38dc8d9ddf'],1.0,1.0,1.0,True,0.0,1024,False,1
"[""feat""]","[""feat""]",0.3628723621368408,['e137f9fdbdb6bf3f85c3f7ac9323785e445844c8'],1.0,1.0,1.0,True,0.0,1024,False,1
"[""test""]","[""test""]",0.30731773376464844,['e0198f74b81da3663144cfe1d971939319f82a0f'],1.0,1.0,1.0,True,0.0,1024,False,1
"[""ci""]","[""ci""]",0.30387067794799805,['45837af24a33308a70a3454f0f650f9fe728e272'],1.0,1.0,1.0,True,0.0,1024,False,1
"[""docs""]","[""docs""]",0.24475836753845215,['0cfc5633d37ea06f645649138323f1820e18bdee'],1.0,1.0,1.0,True,0.0,1024,False,1
"[""build""]","[""test""]",0.39793825149536133,['8ee0611fbf0cd89abe7ae588f22e6ecb843598ea'],0.0,0.0,0.0,False,0.2857142857142857,1024,False,1
"[""docs""]","[""docs""]",0.25634002685546875,['c2ee5cd5e709afd15c5565ee009a0d204403a119'],1.0,1.0,1.0,True,0.0,1024,False,1
"[""refactor""]","[""fix""]",0.28815579414367676,['d1d55e787b7d07f763852602b9939a5394607fd9'],0.0,0.0,0.0,False,0.2857142857142857,1024,False,1
"[""build""]","[""build""]",0.28114867210388184,['c55591ba157298a9c5816693c102a89dfd058830'],1.0,1.0,1.0,True,0.0,1024,False,1
"[""refactor""]","[""fix""]",0.28282666206359863,['9be725fa3906323d4bc9788f54eccf74109d632b'],0.0,0.0,0.0,False,0.2857142857142857,1024,False,1
"[""build""]","[""build""]",0.2431328296661377,['f00a4d3e307b89842250358ee432e6800bb24362'],1.0,1.0,1.0,True,0.0,1024,False,1
"[""docs""]","[""docs""]",0.22775959968566895,['036a0ff49a7dade0e04c9c07071a1ff49133ee24'],1.0,1.0,1.0,True,0.0,1024,False,1
"[""docs""]","[""docs""]",0.259401798248291,['6d405dfc1675dcad64a2dfac0c0cb0fb28381d21'],1.0,1.0,1.0,True,0.0,1024,False,1
"[""fix""]","[""refactor""]",0.3681209087371826,['3cca5c314ad6feeffbfe1f14cf49ebd0fd9a95a2'],0.0,0.0,0.0,False,0.2857142857142857,1024,False,1
"[""test""]","[""docs""]",0.22399139404296875,['af880ac5b4fecbc6c4f3d1eee0d95f326e8bd9d1'],0.0,0.0,0.0,False,0.2857142857142857,1024,False,1
"[""refactor""]","[""fix""]",0.28694772720336914,['c8e0ae8612df3d6f2831acc004aaac332f6105e4'],0.0,0.0,0.0,False,0.2857142857142857,1024,False,1
"[""refactor""]","[""refactor""]",0.40135812759399414,['771857b1df9470ebc15357e8879118a72c649d5b'],1.0,1.0,1.0,True,0.0,1024,False,1
"[""refactor""]","[""refactor""]",0.28182554244995117,['47ef9104e4a89e80d7cc6c1950bc080841da4a7b'],1.0,1.0,1.0,True,0.0,1024,False,1
"[""test""]","[""refactor""]",0.3653247356414795,['1db13ec43727aca872a0f3836e4023ed85db665e'],0.0,0.0,0.0,False,0.2857142857142857,1024,False,1
"[""refactor""]","[""fix""]",0.286057710647583,['933ab6bb86372913c992567cf9660009900911a7'],0.0,0.0,0.0,False,0.2857142857142857,1024,False,1
"[""test""]","[""test""]",0.2575063705444336,['e2e8ad25854bd1e7cdbc7f50b50bbd99e04ad47d'],1.0,1.0,1.0,True,0.0,1024,False,1
"[""build""]","[""build""]",0.24759221076965332,['c44cf88a6ec54e5ddd99d8348bcc57b301ec7945'],1.0,1.0,1.0,True,0.0,1024,False,1
"[""ci""]","[""ci""]",0.23095488548278809,['e96487ad7ce90b141219d9032fa2bed68d5dae6a'],1.0,1.0,1.0,True,0.0,1024,False,1
"[""build""]","[""build""]",0.22393226623535156,['5b81fde8a72cf2e69a10e9f5c4f0bea0a2b8c3e0'],1.0,1.0,1.0,True,0.0,1024,False,1
"[""docs""]","[""docs""]",0.3656606674194336,['cb1f48b56ae0de93acb72e48726c7d610a1d538e'],1.0,1.0,1.0,True,0.0,1024,False,1
"[""refactor""]","[""fix""]",0.3593618869781494,['2561f4ade46fc9d59f289f328cc77733a6443697'],0.0,0.0,0.0,False,0.2857142857142857,1024,False,1
"[""refactor""]","[""fix""]",0.2895677089691162,['06e2be4e2019b6fa714e1fcb34485860ef1ede79'],0.0,0.0,0.0,False,0.2857142857142857,1024,False,1
"[""fix""]","[""refactor""]",0.2583885192871094,['36556bf8e0bce4ab6d26eafacbdad04d9614a5d7'],0.0,0.0,0.0,False,0.2857142857142857,1024,False,1
"[""build""]","[""build""]",0.22682929039001465,['c323d59c607cabc91f17a78528d998f376f30b10'],1.0,1.0,1.0,True,0.0,1024,False,1
"[""build""]","[""build""]",0.2635173797607422,['e4a11fd5c34942ba12737f1c8c084489428ee274'],1.0,1.0,1.0,True,0.0,1024,False,1
"[""fix""]","[""refactor""]",0.32119202613830566,['63eab619e6166eb6cab948028a7b89bf059dd878'],0.0,0.0,0.0,False,0.2857142857142857,1024,False,1
"[""docs""]","[""docs""]",0.2307591438293457,['a52a585d74894b3b4eeb8c784fa089ff95cddad0'],1.0,1.0,1.0,True,0.0,1024,False,1
"[""feat""]","[""feat""]",0.297804594039917,['b282e90e2cbb74559aab79eee8443a4d7c85502a'],1.0,1.0,1.0,True,0.0,1024,False,1
"[""feat""]","[""feat""]",0.3009624481201172,['f823cf28652987d43c8324b4f5b203240032383a'],1.0,1.0,1.0,True,0.0,1024,False,1
"[""fix""]","[""fix""]",0.2601921558380127,['9ef5c0d14193a9abb09b39856f58477d1f4b0d77'],1.0,1.0,1.0,True,0.0,1024,False,1
"[""feat""]","[""feat""]",0.3287346363067627,['fd8e563cc19ca4684885d4692acee6bebcca4ada'],1.0,1.0,1.0,True,0.0,1024,False,1
"[""ci""]","[""ci""]",0.24418330192565918,['4cbbd2552ba0de273e1dfe7d453c5b3efed751a3'],1.0,1.0,1.0,True,0.0,1024,False,1
"[""ci""]","[""ci""]",0.3364753723144531,['173553c0372e66e03bdab19e0e6c2dd44daa14a0'],1.0,1.0,1.0,True,0.0,1024,False,1
"[""ci""]","[""ci""]",0.36707091331481934,['32845e1bbd1efb5dbc16f671049509a409ba25ce'],1.0,1.0,1.0,True,0.0,1024,False,1
"[""test""]","[""test""]",0.2564694881439209,['229b53a632ea97d47c4be11f096bdd828fb415d8'],1.0,1.0,1.0,True,0.0,1024,False,1
"[""refactor""]","[""refactor""]",0.3148777484893799,['2954a0955ce9af6acb345ed1e8328e145ad30475'],1.0,1.0,1.0,True,0.0,1024,False,1
"[""docs""]","[""refactor""]",0.2552504539489746,['a62314d9bb632be6af026686615d14b912250512'],0.0,0.0,0.0,False,0.2857142857142857,1024,False,1
"[""refactor""]","[""refactor""]",0.3977930545806885,['062daa45cbd5dba6e96e95d8cdcaee89ae30a83c'],1.0,1.0,1.0,True,0.0,1024,False,1
"[""test""]","[""test""]",0.3028285503387451,['bedc7950b24c37809e36a585b7985d5aa5e3e458'],1.0,1.0,1.0,True,0.0,1024,False,1
"[""feat"", ""docs"", ""fix"", ""test"", ""ci"", ""build""]","[""feat""]",0.8431365489959717,['ded26d768ff432ad3bde3c0aa1e95ce50726100a'],0.16666666666666666,1.0,0.2857142857142857,False,0.7142857142857143,1024,False,1
"[""build"", ""test""]","[""test""]",0.4174802303314209,['e9617f0854030e70365eb264bcb3b58078e79e9e'],0.5,1.0,0.6666666666666666,False,0.14285714285714285,1024,False,1
"[""feat"", ""fix"", ""docs"", ""test"", ""build"", ""refactor"", ""ci""]","[""feat""]",0.9573209285736084,['6ed56ce9ae743ba9a87e6c9643cc06b1de7b748d'],0.14285714285714285,1.0,0.25,False,0.8571428571428571,1024,False,1
"[""ci""]","[""docs""]",0.232590913772583,['e12d9e77a6fd531a22325337838a841b1c67f00d'],0.0,0.0,0.0,False,0.2857142857142857,1024,False,1
"[""fix""]","[""feat"", ""refactor""]",0.33831024169921875,"['fd8e563cc19ca4684885d4692acee6bebcca4ada', '36556bf8e0bce4ab6d26eafacbdad04d9614a5d7']",0.0,0.0,0.0,False,0.42857142857142855,1024,False,2
"[""ci"", ""build"", ""fix""]","[""ci"", ""build""]",0.4864692687988281,"['45837af24a33308a70a3454f0f650f9fe728e272', '5b81fde8a72cf2e69a10e9f5c4f0bea0a2b8c3e0']",0.6666666666666666,1.0,0.8,False,0.14285714285714285,1024,False,2
"[""feat"", ""docs""]","[""refactor"", ""docs""]",0.3837625980377197,"['535708ae50aecb452560a23356fd396f99ef13a2', 'af880ac5b4fecbc6c4f3d1eee0d95f326e8bd9d1']",0.5,0.5,0.5,False,0.2857142857142857,1024,False,2
"[""fix"", ""feat""]","[""feat"", ""refactor""]",0.4240880012512207,"['68278b00450f2679761a2999500f6d87a579376b', '63eab619e6166eb6cab948028a7b89bf059dd878']",0.5,0.5,0.5,False,0.2857142857142857,1024,False,2
"[""ci"", ""test""]","[""ci"", ""test""]",0.3527963161468506,"['dbb537a26e388a8d7d17faf131abc30c2f7a84e6', 'f411e58cd510f8a2b980b2f1932003a0c0e9f8f3']",1.0,1.0,1.0,True,0.0,1024,False,2
"[""ci""]","[""test"", ""ci""]",0.30175018310546875,"['e2e8ad25854bd1e7cdbc7f50b50bbd99e04ad47d', 'c5fa7b80438fbd74f4c341f0d3c9bd9e0f4910da']",1.0,0.5,0.6666666666666666,False,0.14285714285714285,1024,False,2
"[""build"", ""fix"", ""docs""]","[""ci"", ""build""]",0.5308737754821777,"['45837af24a33308a70a3454f0f650f9fe728e272', '1269431c8a3e7549f10fcbbb4b88ff625c8898b3']",0.3333333333333333,0.5,0.4,False,0.42857142857142855,1024,False,2
"[""refactor""]","[""feat"", ""test""]",0.36099839210510254,"['1bcf88670b50155b50071e707f98f30cea0b7a24', 'f411e58cd510f8a2b980b2f1932003a0c0e9f8f3']",0.0,0.0,0.0,False,0.42857142857142855,1024,False,2
"[""docs""]","[""fix"", ""docs""]",0.288494348526001,"['9be725fa3906323d4bc9788f54eccf74109d632b', '0cfc5633d37ea06f645649138323f1820e18bdee']",1.0,0.5,0.6666666666666666,False,0.14285714285714285,1024,False,2
"[""ci""]","[""fix"", ""ci""]",0.23223567008972168,"['9be725fa3906323d4bc9788f54eccf74109d632b', 'e96487ad7ce90b141219d9032fa2bed68d5dae6a']",1.0,0.5,0.6666666666666666,False,0.14285714285714285,1024,False,2
"[""test""]","[""build"", ""test""]",0.3418850898742676,"['1269431c8a3e7549f10fcbbb4b88ff625c8898b3', '317f4eefecddfb1392ca71d551840f446feee302']",1.0,0.5,0.6666666666666666,False,0.14285714285714285,1024,False,2
"[""docs""]","[""ci"", ""docs""]",0.25948047637939453,"['dbb537a26e388a8d7d17faf131abc30c2f7a84e6', '0cfc5633d37ea06f645649138323f1820e18bdee']",1.0,0.5,0.6666666666666666,False,0.14285714285714285,1024,False,2
"[""build""]","[""refactor"", ""build""]",0.37355756759643555,"['3cca5c314ad6feeffbfe1f14cf49ebd0fd9a95a2', '454003841aabeb74396d73541378bfa59c75b5db']",1.0,0.5,0.6666666666666666,False,0.14285714285714285,1024,False,2
"[""fix"", ""docs"", ""refactor""]","[""fix"", ""refactor""]",0.5850601196289062,"['2561f4ade46fc9d59f289f328cc77733a6443697', '062daa45cbd5dba6e96e95d8cdcaee89ae30a83c']",0.6666666666666666,1.0,0.8,False,0.14285714285714285,1024,False,2
"[""ci""]","[""build"", ""ci""]",0.2610180377960205,"['c44cf88a6ec54e5ddd99d8348bcc57b301ec7945', 'dbb537a26e388a8d7d17faf131abc30c2f7a84e6']",1.0,0.5,0.6666666666666666,False,0.14285714285714285,1024,False,2
"[""build""]","[""build"", ""refactor""]",0.3353111743927002,"['32b92cfa0b74a6c25990e32ac6aab12b8496794c', '63eab619e6166eb6cab948028a7b89bf059dd878']",1.0,0.5,0.6666666666666666,False,0.14285714285714285,1024,False,2
"[""ci""]","[""feat"", ""docs""]",0.2555861473083496,"['dc5238b2bda98a7c4f2fe9584fc3b0191a408109', 'e12d9e77a6fd531a22325337838a841b1c67f00d']",0.0,0.0,0.0,False,0.42857142857142855,1024,False,2
"[""ci"", ""docs""]","[""ci"", ""docs""]",0.4017305374145508,"['32845e1bbd1efb5dbc16f671049509a409ba25ce', 'bf83c9155e9bee6925aa7102fab53fb803d52533']",1.0,1.0,1.0,True,0.0,1024,False,2
"[""fix"", ""build"", ""feat""]","[""fix"", ""feat""]",0.5083754062652588,"['d129eaf9125a967ac86c6c7276bbae6b4d50af36', '6ed56ce9ae743ba9a87e6c9643cc06b1de7b748d']",0.6666666666666666,1.0,0.8,False,0.14285714285714285,1024,False,2
"[""docs"", ""ci""]","[""feat"", ""ci""]",0.46470069885253906,"['1bcf88670b50155b50071e707f98f30cea0b7a24', '74e9de5ec97dc013a52aa063dff0f40ac74c407b']",0.5,0.5,0.5,False,0.2857142857142857,1024,False,2
"[""ci""]","[""docs"", ""ci""]",0.25826096534729004,"['036a0ff49a7dade0e04c9c07071a1ff49133ee24', '4cbbd2552ba0de273e1dfe7d453c5b3efed751a3']",1.0,0.5,0.6666666666666666,False,0.14285714285714285,1024,False,2
"[""fix"", ""docs"", ""docs""]","[""test"", ""docs""]",0.5835533142089844,"['e9617f0854030e70365eb264bcb3b58078e79e9e', 'cb1f48b56ae0de93acb72e48726c7d610a1d538e']",0.5,0.5,0.5,False,0.2857142857142857,1024,False,2
"[""docs""]","[""docs"", ""feat""]",0.33638811111450195,"['aca23027da1295c78fdf42ba9687d8ccc88784d7', 'f823cf28652987d43c8324b4f5b203240032383a']",1.0,0.5,0.6666666666666666,False,0.14285714285714285,1024,False,2
"[""refactor""]","[""refactor"", ""fix""]",0.27951574325561523,"['47ef9104e4a89e80d7cc6c1950bc080841da4a7b', '06e2be4e2019b6fa714e1fcb34485860ef1ede79']",1.0,0.5,0.6666666666666666,False,0.14285714285714285,1024,False,2
"[""ci""]","[""build"", ""ci""]",0.2428133487701416,"['5b81fde8a72cf2e69a10e9f5c4f0bea0a2b8c3e0', 'dbb537a26e388a8d7d17faf131abc30c2f7a84e6']",1.0,0.5,0.6666666666666666,False,0.14285714285714285,1024,False,2
"[""build""]","[""build"", ""refactor""]",0.2589893341064453,"['5b81fde8a72cf2e69a10e9f5c4f0bea0a2b8c3e0', '36556bf8e0bce4ab6d26eafacbdad04d9614a5d7']",1.0,0.5,0.6666666666666666,False,0.14285714285714285,1024,False,2
"[""fix"", ""test""]","[""fix"", ""test""]",0.4308476448059082,"['9ef5c0d14193a9abb09b39856f58477d1f4b0d77', 'b7ce2894fd1794064bd6db4ed730bb6cb7728739']",1.0,1.0,1.0,True,0.0,1024,False,2
"[""build"", ""docs""]","[""build"", ""docs""]",0.4155106544494629,"['c323d59c607cabc91f17a78528d998f376f30b10', 'c2ee5cd5e709afd15c5565ee009a0d204403a119']",1.0,1.0,1.0,True,0.0,1024,False,2
"[""ci""]","[""fix"", ""ci""]",0.2440040111541748,"['9be725fa3906323d4bc9788f54eccf74109d632b', 'dbb537a26e388a8d7d17faf131abc30c2f7a84e6']",1.0,0.5,0.6666666666666666,False,0.14285714285714285,1024,False,2
"[""ci""]","[""fix"", ""ci""]",0.2889554500579834,"['9be725fa3906323d4bc9788f54eccf74109d632b', 'e7a67d88173566be3cd3aed7e9eeb7e29aabbc57']",1.0,0.5,0.6666666666666666,False,0.14285714285714285,1024,False,2
"[""docs""]","[""docs"", ""refactor""]",0.33792710304260254,"['c2ee5cd5e709afd15c5565ee009a0d204403a119', '062daa45cbd5dba6e96e95d8cdcaee89ae30a83c']",1.0,0.5,0.6666666666666666,False,0.14285714285714285,1024,False,2
"[""fix"", ""feat"", ""refactor""]","[""fix"", ""feat""]",0.5479393005371094,"['933ab6bb86372913c992567cf9660009900911a7', 'e137f9fdbdb6bf3f85c3f7ac9323785e445844c8']",0.6666666666666666,1.0,0.8,False,0.14285714285714285,1024,False,2
"[""build""]","[""fix"", ""build""]",0.26013660430908203,"['9be725fa3906323d4bc9788f54eccf74109d632b', 'c44cf88a6ec54e5ddd99d8348bcc57b301ec7945']",1.0,0.5,0.6666666666666666,False,0.14285714285714285,1024,False,2
"[""ci""]","[""ci"", ""docs""]",0.3215162754058838,"['173553c0372e66e03bdab19e0e6c2dd44daa14a0', 'e12d9e77a6fd531a22325337838a841b1c67f00d']",1.0,0.5,0.6666666666666666,False,0.14285714285714285,1024,False,2
"[""ci""]","[""ci"", ""feat""]",0.33480095863342285,"['6c9cb638cb4d1ecc42632fcf389c24898c5b3244', 'f823cf28652987d43c8324b4f5b203240032383a']",1.0,0.5,0.6666666666666666,False,0.14285714285714285,1024,False,2
"[""ci"", ""docs""]","[""ci"", ""docs""]",0.4330635070800781,"['74e9de5ec97dc013a52aa063dff0f40ac74c407b', 'c2ee5cd5e709afd15c5565ee009a0d204403a119']",1.0,1.0,1.0,True,0.0,1024,False,2
"[""test"", ""build""]","[""test"", ""build""]",0.39566755294799805,"['317f4eefecddfb1392ca71d551840f446feee302', '5b81fde8a72cf2e69a10e9f5c4f0bea0a2b8c3e0']",1.0,1.0,1.0,True,0.0,1024,False,2
"[""build""]","[""docs"", ""feat""]",0.3204379081726074,"['a52a585d74894b3b4eeb8c784fa089ff95cddad0', 'f823cf28652987d43c8324b4f5b203240032383a']",0.0,0.0,0.0,False,0.42857142857142855,1024,False,2
"[""build""]","[""refactor"", ""build""]",0.27404069900512695,"['47ef9104e4a89e80d7cc6c1950bc080841da4a7b', '5b81fde8a72cf2e69a10e9f5c4f0bea0a2b8c3e0']",1.0,0.5,0.6666666666666666,False,0.14285714285714285,1024,False,2
"[""docs""]","[""feat"", ""refactor""]",0.37064266204833984,"['e137f9fdbdb6bf3f85c3f7ac9323785e445844c8', '771857b1df9470ebc15357e8879118a72c649d5b']",0.0,0.0,0.0,False,0.42857142857142855,1024,False,2
"[""refactor""]","[""feat"", ""fix""]",0.3377556800842285,"['6ed56ce9ae743ba9a87e6c9643cc06b1de7b748d', 'd1d55e787b7d07f763852602b9939a5394607fd9']",0.0,0.0,0.0,False,0.42857142857142855,1024,False,2
"[""docs""]","[""build"", ""docs""]",0.2604086399078369,"['c323d59c607cabc91f17a78528d998f376f30b10', '0cfc5633d37ea06f645649138323f1820e18bdee']",1.0,0.5,0.6666666666666666,False,0.14285714285714285,1024,False,2
"[""refactor""]","[""test"", ""refactor""]",0.3669602870941162,"['8ee0611fbf0cd89abe7ae588f22e6ecb843598ea', '2954a0955ce9af6acb345ed1e8328e145ad30475']",1.0,0.5,0.6666666666666666,False,0.14285714285714285,1024,False,2
"[""fix""]","[""refactor"", ""fix""]",0.2878906726837158,"['36556bf8e0bce4ab6d26eafacbdad04d9614a5d7', 'c8e0ae8612df3d6f2831acc004aaac332f6105e4']",1.0,0.5,0.6666666666666666,False,0.14285714285714285,1024,False,2
"[""build""]","[""build"", ""ci""]",0.36710333824157715,"['e4a11fd5c34942ba12737f1c8c084489428ee274', '173553c0372e66e03bdab19e0e6c2dd44daa14a0']",1.0,0.5,0.6666666666666666,False,0.14285714285714285,1024,False,2
"[""fix"", ""feat""]","[""fix"", ""feat""]",0.44061708450317383,"['c8e0ae8612df3d6f2831acc004aaac332f6105e4', 'f9a094918b62534614c47aa8a13f33aec751a1e0']",1.0,1.0,1.0,True,0.0,1024,False,2
"[""docs"", ""build"", ""fix""]","[""refactor"", ""docs""]",0.507845401763916,"['771857b1df9470ebc15357e8879118a72c649d5b', '0cfc5633d37ea06f645649138323f1820e18bdee']",0.3333333333333333,0.5,0.4,False,0.42857142857142855,1024,False,2
"[""test"", ""feat""]","[""feat"", ""fix""]",0.40318942070007324,"['6ed56ce9ae743ba9a87e6c9643cc06b1de7b748d', '87d5d4e55ab7149b593d29410f1fe426ba2447d4']",0.5,0.5,0.5,False,0.2857142857142857,1024,False,2
"[""test""]","[""refactor"", ""test""]",0.3464219570159912,"['1db13ec43727aca872a0f3836e4023ed85db665e', '229b53a632ea97d47c4be11f096bdd828fb415d8']",1.0,0.5,0.6666666666666666,False,0.14285714285714285,1024,False,2
"[""test""]","[""test"", ""refactor""]",0.3653740882873535,"['317f4eefecddfb1392ca71d551840f446feee302', '63eab619e6166eb6cab948028a7b89bf059dd878']",1.0,0.5,0.6666666666666666,False,0.14285714285714285,1024,False,2
"[""build""]","[""docs"", ""build""]",0.2904932498931885,"['e12d9e77a6fd531a22325337838a841b1c67f00d', 'c44cf88a6ec54e5ddd99d8348bcc57b301ec7945']",1.0,0.5,0.6666666666666666,False,0.14285714285714285,1024,False,2
"[""build"", ""docs""]","[""refactor"", ""build""]",0.39339709281921387,"['1db13ec43727aca872a0f3836e4023ed85db665e', '32b92cfa0b74a6c25990e32ac6aab12b8496794c']",0.5,0.5,0.5,False,0.2857142857142857,1024,False,2
"[""docs""]","[""docs"", ""fix""]",0.33876681327819824,"['c2ee5cd5e709afd15c5565ee009a0d204403a119', 'bed78248c941d57ad4cc20a455147e186e97c7a1']",1.0,0.5,0.6666666666666666,False,0.14285714285714285,1024,False,2
"[""docs""]","[""docs"", ""ci""]",0.3064420223236084,"['bf83c9155e9bee6925aa7102fab53fb803d52533', '173553c0372e66e03bdab19e0e6c2dd44daa14a0']",1.0,0.5,0.6666666666666666,False,0.14285714285714285,1024,False,2
"[""ci""]","[""refactor"", ""ci""]",0.3075587749481201,"['36556bf8e0bce4ab6d26eafacbdad04d9614a5d7', '74e9de5ec97dc013a52aa063dff0f40ac74c407b']",1.0,0.5,0.6666666666666666,False,0.14285714285714285,1024,False,2
"[""fix"", ""test"", ""feat""]","[""test"", ""fix""]",0.5095839500427246,"['e9617f0854030e70365eb264bcb3b58078e79e9e', '87d5d4e55ab7149b593d29410f1fe426ba2447d4']",0.6666666666666666,1.0,0.8,False,0.14285714285714285,1024,False,2
"[""fix""]","[""feat"", ""refactor""]",0.2980344295501709,"['e137f9fdbdb6bf3f85c3f7ac9323785e445844c8', '47ef9104e4a89e80d7cc6c1950bc080841da4a7b']",0.0,0.0,0.0,False,0.42857142857142855,1024,False,2
"[""refactor""]","[""fix"", ""ci""]",0.3955099582672119,"['2561f4ade46fc9d59f289f328cc77733a6443697', '74e9de5ec97dc013a52aa063dff0f40ac74c407b']",0.0,0.0,0.0,False,0.42857142857142855,1024,False,2
"[""build""]","[""build"", ""ci""]",0.2805337905883789,"['5b81fde8a72cf2e69a10e9f5c4f0bea0a2b8c3e0', 'e96487ad7ce90b141219d9032fa2bed68d5dae6a']",1.0,0.5,0.6666666666666666,False,0.14285714285714285,1024,False,2
"[""build"", ""feat"", ""test""]","[""build"", ""test""]",0.48676013946533203,"['32b92cfa0b74a6c25990e32ac6aab12b8496794c', '8ee0611fbf0cd89abe7ae588f22e6ecb843598ea']",0.6666666666666666,1.0,0.8,False,0.14285714285714285,1024,False,2
"[""test"", ""ci""]","[""refactor"", ""ci""]",0.4553697109222412,"['1db13ec43727aca872a0f3836e4023ed85db665e', '74e9de5ec97dc013a52aa063dff0f40ac74c407b']",0.5,0.5,0.5,False,0.2857142857142857,1024,False,2
"[""refactor"", ""build""]","[""fix"", ""build""]",0.4613173007965088,"['2561f4ade46fc9d59f289f328cc77733a6443697', 'c55591ba157298a9c5816693c102a89dfd058830']",0.5,0.5,0.5,False,0.2857142857142857,1024,False,2
"[""build""]","[""build"", ""refactor""]",0.30283331871032715,"['5b81fde8a72cf2e69a10e9f5c4f0bea0a2b8c3e0', '1db13ec43727aca872a0f3836e4023ed85db665e']",1.0,0.5,0.6666666666666666,False,0.14285714285714285,1024,False,2
"[""build"", ""test""]","[""test"", ""ci""]",0.44549036026000977,"['8ee0611fbf0cd89abe7ae588f22e6ecb843598ea', 'e96487ad7ce90b141219d9032fa2bed68d5dae6a']",0.5,0.5,0.5,False,0.2857142857142857,1024,False,2
"[""refactor""]","[""test"", ""refactor""]",0.39487624168395996,"['bedc7950b24c37809e36a585b7985d5aa5e3e458', '062daa45cbd5dba6e96e95d8cdcaee89ae30a83c']",1.0,0.5,0.6666666666666666,False,0.14285714285714285,1024,False,2
"[""ci"", ""refactor""]","[""ci"", ""refactor""]",0.5166125297546387,"['74e9de5ec97dc013a52aa063dff0f40ac74c407b', '63eab619e6166eb6cab948028a7b89bf059dd878']",1.0,1.0,1.0,True,0.0,1024,False,2
"[""test""]","[""test"", ""docs""]",0.3340339660644531,"['317f4eefecddfb1392ca71d551840f446feee302', 'af880ac5b4fecbc6c4f3d1eee0d95f326e8bd9d1']",1.0,0.5,0.6666666666666666,False,0.14285714285714285,1024,False,2
"[""fix""]","[""feat"", ""fix""]",0.29566478729248047,"['dc5238b2bda98a7c4f2fe9584fc3b0191a408109', '9ef5c0d14193a9abb09b39856f58477d1f4b0d77']",1.0,0.5,0.6666666666666666,False,0.14285714285714285,1024,False,2
"[""build""]","[""build"", ""docs""]",0.3070492744445801,"['e4a11fd5c34942ba12737f1c8c084489428ee274', 'e12d9e77a6fd531a22325337838a841b1c67f00d']",1.0,0.5,0.6666666666666666,False,0.14285714285714285,1024,False,2
"[""build"", ""feat"", ""fix""]","[""feat"", ""refactor""]",0.5553390979766846,"['6ed56ce9ae743ba9a87e6c9643cc06b1de7b748d', '63eab619e6166eb6cab948028a7b89bf059dd878']",0.3333333333333333,0.5,0.4,False,0.42857142857142855,1024,False,2
"[""ci"", ""docs""]","[""ci"", ""fix"", ""docs""]",0.40262293815612793,"['dbb537a26e388a8d7d17faf131abc30c2f7a84e6', 'd129eaf9125a967ac86c6c7276bbae6b4d50af36', 'cb1f48b56ae0de93acb72e48726c7d610a1d538e']",1.0,0.6666666666666666,0.8,False,0.14285714285714285,1024,False,3
"[""fix"", ""refactor""]","[""fix"", ""refactor"", ""feat""]",0.46022772789001465,"['933ab6bb86372913c992567cf9660009900911a7', '3cca5c314ad6feeffbfe1f14cf49ebd0fd9a95a2', '6ed56ce9ae743ba9a87e6c9643cc06b1de7b748d']",1.0,0.6666666666666666,0.8,False,0.14285714285714285,1024,False,3
"[""build"", ""feat"", ""ci""]","[""build"", ""feat"", ""ci""]",0.5187113285064697,"['5b81fde8a72cf2e69a10e9f5c4f0bea0a2b8c3e0', 'e137f9fdbdb6bf3f85c3f7ac9323785e445844c8', '32845e1bbd1efb5dbc16f671049509a409ba25ce']",1.0,1.0,1.0,True,0.0,1024,False,3
"[""build"", ""feat""]","[""ci"", ""docs"", ""feat""]",0.46393537521362305,"['45837af24a33308a70a3454f0f650f9fe728e272', '6d405dfc1675dcad64a2dfac0c0cb0fb28381d21', 'f823cf28652987d43c8324b4f5b203240032383a']",0.5,0.3333333333333333,0.4,False,0.42857142857142855,1024,False,3
"[""ci"", ""docs"", ""fix""]","[""ci"", ""docs"", ""build""]",0.4757251739501953,"['6c9cb638cb4d1ecc42632fcf389c24898c5b3244', 'bf83c9155e9bee6925aa7102fab53fb803d52533', 'c323d59c607cabc91f17a78528d998f376f30b10']",0.6666666666666666,0.6666666666666666,0.6666666666666666,False,0.2857142857142857,1024,False,3
"[""test"", ""fix""]","[""test"", ""docs"", ""fix""]",0.4529294967651367,"['229b53a632ea97d47c4be11f096bdd828fb415d8', 'e12d9e77a6fd531a22325337838a841b1c67f00d', 'd129eaf9125a967ac86c6c7276bbae6b4d50af36']",1.0,0.6666666666666666,0.8,False,0.14285714285714285,1024,False,3
"[""fix"", ""docs"", ""feat""]","[""feat"", ""docs"", ""refactor""]",0.5582370758056641,"['68278b00450f2679761a2999500f6d87a579376b', 'c2ee5cd5e709afd15c5565ee009a0d204403a119', '535708ae50aecb452560a23356fd396f99ef13a2']",0.6666666666666666,0.6666666666666666,0.6666666666666666,False,0.2857142857142857,1024,False,3
"[""docs"", ""ci"", ""test""]","[""docs"", ""ci"", ""test""]",0.5391702651977539,"['0cfc5633d37ea06f645649138323f1820e18bdee', '6c9cb638cb4d1ecc42632fcf389c24898c5b3244', 'f411e58cd510f8a2b980b2f1932003a0c0e9f8f3']",1.0,1.0,1.0,True,0.0,1024,False,3
"[""fix"", ""docs"", ""refactor""]","[""build"", ""fix"", ""refactor""]",0.562767505645752,"['1269431c8a3e7549f10fcbbb4b88ff625c8898b3', '933ab6bb86372913c992567cf9660009900911a7', '36556bf8e0bce4ab6d26eafacbdad04d9614a5d7']",0.6666666666666666,0.6666666666666666,0.6666666666666666,False,0.2857142857142857,1024,False,3
"[""refactor"", ""docs""]","[""test"", ""fix"", ""docs""]",0.4445526599884033,"['c7b25726df94a2530c9b1c0d2b6a0acaa103822f', '933ab6bb86372913c992567cf9660009900911a7', 'c2ee5cd5e709afd15c5565ee009a0d204403a119']",0.5,0.3333333333333333,0.4,False,0.42857142857142855,1024,False,3
"[""build""]","[""build"", ""refactor"", ""fix""]",0.30866432189941406,"['32b92cfa0b74a6c25990e32ac6aab12b8496794c', '771857b1df9470ebc15357e8879118a72c649d5b', '06e2be4e2019b6fa714e1fcb34485860ef1ede79']",1.0,0.3333333333333333,0.5,False,0.2857142857142857,1024,False,3
"[""test"", ""fix"", ""build""]","[""test"", ""docs"", ""build""]",0.5168943405151367,"['f411e58cd510f8a2b980b2f1932003a0c0e9f8f3', '036a0ff49a7dade0e04c9c07071a1ff49133ee24', 'c44cf88a6ec54e5ddd99d8348bcc57b301ec7945']",0.6666666666666666,0.6666666666666666,0.6666666666666666,False,0.2857142857142857,1024,False,3
"[""test"", ""refactor"", ""feat"", ""fix""]","[""feat"", ""test"", ""refactor""]",0.6497092247009277,"['6ed56ce9ae743ba9a87e6c9643cc06b1de7b748d', 'c7b25726df94a2530c9b1c0d2b6a0acaa103822f', '535708ae50aecb452560a23356fd396f99ef13a2']",0.75,1.0,0.8571428571428571,False,0.14285714285714285,1024,False,3
"[""docs"", ""feat""]","[""docs"", ""feat"", ""fix""]",0.43451714515686035,"['6d405dfc1675dcad64a2dfac0c0cb0fb28381d21', 'ded26d768ff432ad3bde3c0aa1e95ce50726100a', 'd129eaf9125a967ac86c6c7276bbae6b4d50af36']",1.0,0.6666666666666666,0.8,False,0.14285714285714285,1024,False,3
"[""ci"", ""docs"", ""refactor""]","[""ci"", ""docs"", ""fix""]",0.5934834480285645,"['e7a67d88173566be3cd3aed7e9eeb7e29aabbc57', 'c2ee5cd5e709afd15c5565ee009a0d204403a119', 'bed78248c941d57ad4cc20a455147e186e97c7a1']",0.6666666666666666,0.6666666666666666,0.6666666666666666,False,0.2857142857142857,1024,False,3
"[""ci"", ""docs""]","[""ci"", ""docs"", ""fix""]",0.4651453495025635,"['74e9de5ec97dc013a52aa063dff0f40ac74c407b', 'aca23027da1295c78fdf42ba9687d8ccc88784d7', 'd129eaf9125a967ac86c6c7276bbae6b4d50af36']",1.0,0.6666666666666666,0.8,False,0.14285714285714285,1024,False,3
"[""build"", ""build"", ""fix"", ""build""]","[""test"", ""fix"", ""build""]",0.6189131736755371,"['c7b25726df94a2530c9b1c0d2b6a0acaa103822f', 'bed78248c941d57ad4cc20a455147e186e97c7a1', 'c55591ba157298a9c5816693c102a89dfd058830']",1.0,0.6666666666666666,0.8,False,0.14285714285714285,1024,False,3
"[""build""]","[""docs"", ""ci"", ""fix""]",0.3395664691925049,"['a52a585d74894b3b4eeb8c784fa089ff95cddad0', 'e7a67d88173566be3cd3aed7e9eeb7e29aabbc57', 'bed78248c941d57ad4cc20a455147e186e97c7a1']",0.0,0.0,0.0,False,0.5714285714285714,1024,False,3
"[""ci"", ""test"", ""fix""]","[""build"", ""ci"", ""test""]",0.48885107040405273,"['f00a4d3e307b89842250358ee432e6800bb24362', '6c9cb638cb4d1ecc42632fcf389c24898c5b3244', 'c7b25726df94a2530c9b1c0d2b6a0acaa103822f']",0.6666666666666666,0.6666666666666666,0.6666666666666666,False,0.2857142857142857,1024,False,3
"[""refactor"", ""docs""]","[""refactor"", ""feat"", ""fix""]",0.4535179138183594,"['2954a0955ce9af6acb345ed1e8328e145ad30475', 'dc5238b2bda98a7c4f2fe9584fc3b0191a408109', '9ef5c0d14193a9abb09b39856f58477d1f4b0d77']",0.5,0.3333333333333333,0.4,False,0.42857142857142855,1024,False,3
"[""ci"", ""refactor"", ""fix""]","[""ci"", ""test"", ""fix""]",0.5448198318481445,"['4cbbd2552ba0de273e1dfe7d453c5b3efed751a3', 'f411e58cd510f8a2b980b2f1932003a0c0e9f8f3', '06e2be4e2019b6fa714e1fcb34485860ef1ede79']",0.6666666666666666,0.6666666666666666,0.6666666666666666,False,0.2857142857142857,1024,False,3
"[""fix""]","[""feat"", ""refactor"", ""build""]",0.3714005947113037,"['b282e90e2cbb74559aab79eee8443a4d7c85502a', '1db13ec43727aca872a0f3836e4023ed85db665e', '37b1cbfd3d2c462ef4f2a131e4172c38dc8d9ddf']",0.0,0.0,0.0,False,0.5714285714285714,1024,False,3
"[""build""]","[""fix"", ""feat"", ""ci""]",0.3436880111694336,"['d129eaf9125a967ac86c6c7276bbae6b4d50af36', 'fd8e563cc19ca4684885d4692acee6bebcca4ada', '173553c0372e66e03bdab19e0e6c2dd44daa14a0']",0.0,0.0,0.0,False,0.5714285714285714,1024,False,3
"[""fix""]","[""docs"", ""refactor"", ""test""]",0.33867311477661133,"['036a0ff49a7dade0e04c9c07071a1ff49133ee24', '63eab619e6166eb6cab948028a7b89bf059dd878', '229b53a632ea97d47c4be11f096bdd828fb415d8']",0.0,0.0,0.0,False,0.5714285714285714,1024,False,3
"[""build"", ""ci"", ""feat"", ""docs""]","[""test"", ""ci"", ""feat""]",0.6199750900268555,"['c7b25726df94a2530c9b1c0d2b6a0acaa103822f', '32845e1bbd1efb5dbc16f671049509a409ba25ce', 'b282e90e2cbb74559aab79eee8443a4d7c85502a']",0.5,0.6666666666666666,0.5714285714285715,False,0.42857142857142855,1024,False,3
"[""fix""]","[""feat"", ""build"", ""refactor""]",0.3329141139984131,"['f9a094918b62534614c47aa8a13f33aec751a1e0', '5b81fde8a72cf2e69a10e9f5c4f0bea0a2b8c3e0', '36556bf8e0bce4ab6d26eafacbdad04d9614a5d7']",0.0,0.0,0.0,False,0.5714285714285714,1024,False,3
"[""fix"", ""docs"", ""build"", ""test"", ""ci""]","[""feat"", ""build"", ""docs""]",0.7162737846374512,"['e137f9fdbdb6bf3f85c3f7ac9323785e445844c8', '37b1cbfd3d2c462ef4f2a131e4172c38dc8d9ddf', 'e12d9e77a6fd531a22325337838a841b1c67f00d']",0.4,0.6666666666666666,0.5,False,0.5714285714285714,1024,False,3
"[""build"", ""ci""]","[""build"", ""refactor"", ""ci""]",0.4304695129394531,"['f00a4d3e307b89842250358ee432e6800bb24362', '36556bf8e0bce4ab6d26eafacbdad04d9614a5d7', '4cbbd2552ba0de273e1dfe7d453c5b3efed751a3']",1.0,0.6666666666666666,0.8,False,0.14285714285714285,1024,False,3
"[""docs"", ""ci"", ""build""]","[""docs"", ""ci"", ""build""]",0.5553886890411377,"['cb1f48b56ae0de93acb72e48726c7d610a1d538e', 'e96487ad7ce90b141219d9032fa2bed68d5dae6a', '454003841aabeb74396d73541378bfa59c75b5db']",1.0,1.0,1.0,True,0.0,1024,False,3
"[""fix"", ""test"", ""build"", ""docs""]","[""fix"", ""test"", ""build""]",0.599539041519165,"['d129eaf9125a967ac86c6c7276bbae6b4d50af36', 'e2e8ad25854bd1e7cdbc7f50b50bbd99e04ad47d', '1269431c8a3e7549f10fcbbb4b88ff625c8898b3']",0.75,1.0,0.8571428571428571,False,0.14285714285714285,1024,False,3
"[""fix"", ""docs"", ""feat""]","[""refactor"", ""docs"", ""feat""]",0.5256049633026123,"['2954a0955ce9af6acb345ed1e8328e145ad30475', 'a52a585d74894b3b4eeb8c784fa089ff95cddad0', 'b282e90e2cbb74559aab79eee8443a4d7c85502a']",0.6666666666666666,0.6666666666666666,0.6666666666666666,False,0.2857142857142857,1024,False,3
"[""docs"", ""test""]","[""docs"", ""refactor"", ""test""]",0.4341115951538086,"['0cfc5633d37ea06f645649138323f1820e18bdee', '1db13ec43727aca872a0f3836e4023ed85db665e', 'bedc7950b24c37809e36a585b7985d5aa5e3e458']",1.0,0.6666666666666666,0.8,False,0.14285714285714285,1024,False,3
"[""build"", ""docs"", ""fix""]","[""fix"", ""docs"", ""test""]",0.5211193561553955,"['933ab6bb86372913c992567cf9660009900911a7', '0cfc5633d37ea06f645649138323f1820e18bdee', 'c7b25726df94a2530c9b1c0d2b6a0acaa103822f']",0.6666666666666666,0.6666666666666666,0.6666666666666666,False,0.2857142857142857,1024,False,3
"[""refactor"", ""ci"", ""test""]","[""refactor"", ""ci"", ""test""]",0.5503265857696533,"['36556bf8e0bce4ab6d26eafacbdad04d9614a5d7', '6c9cb638cb4d1ecc42632fcf389c24898c5b3244', '229b53a632ea97d47c4be11f096bdd828fb415d8']",1.0,1.0,1.0,True,0.0,1024,False,3
"[""ci"", ""test"", ""docs""]","[""ci"", ""test"", ""docs""]",0.5554425716400146,"['c5fa7b80438fbd74f4c341f0d3c9bd9e0f4910da', '229b53a632ea97d47c4be11f096bdd828fb415d8', 'aca23027da1295c78fdf42ba9687d8ccc88784d7']",1.0,1.0,1.0,True,0.0,1024,False,3
"[""docs"", ""fix""]","[""feat"", ""docs"", ""fix""]",0.4315946102142334,"['f823cf28652987d43c8324b4f5b203240032383a', '0cfc5633d37ea06f645649138323f1820e18bdee', '9ef5c0d14193a9abb09b39856f58477d1f4b0d77']",1.0,0.6666666666666666,0.8,False,0.14285714285714285,1024,False,3
"[""test"", ""build"", ""feat"", ""docs""]","[""test"", ""fix"", ""build""]",0.6198813915252686,"['317f4eefecddfb1392ca71d551840f446feee302', '06e2be4e2019b6fa714e1fcb34485860ef1ede79', 'c55591ba157298a9c5816693c102a89dfd058830']",0.5,0.6666666666666666,0.5714285714285715,False,0.42857142857142855,1024,False,3
"[""docs""]","[""feat"", ""docs"", ""refactor""]",0.3379964828491211,"['e137f9fdbdb6bf3f85c3f7ac9323785e445844c8', 'bf83c9155e9bee6925aa7102fab53fb803d52533', '36556bf8e0bce4ab6d26eafacbdad04d9614a5d7']",1.0,0.3333333333333333,0.5,False,0.2857142857142857,1024,False,3
"[""docs""]","[""fix"", ""ci"", ""build""]",0.35302257537841797,"['d129eaf9125a967ac86c6c7276bbae6b4d50af36', '6c9cb638cb4d1ecc42632fcf389c24898c5b3244', 'c44cf88a6ec54e5ddd99d8348bcc57b301ec7945']",0.0,0.0,0.0,False,0.5714285714285714,1024,False,3
"[""fix"", ""docs""]","[""fix"", ""refactor"", ""docs""]",0.4618394374847412,"['2561f4ade46fc9d59f289f328cc77733a6443697', '2954a0955ce9af6acb345ed1e8328e145ad30475', 'a52a585d74894b3b4eeb8c784fa089ff95cddad0']",1.0,0.6666666666666666,0.8,False,0.14285714285714285,1024,False,3
"[""build"", ""fix""]","[""build"", ""feat"", ""fix""]",0.39682769775390625,"['c55591ba157298a9c5816693c102a89dfd058830', 'dc5238b2bda98a7c4f2fe9584fc3b0191a408109', '9be725fa3906323d4bc9788f54eccf74109d632b']",1.0,0.6666666666666666,0.8,False,0.14285714285714285,1024,False,3
"[""test"", ""fix"", ""feat""]","[""test"", ""refactor"", ""feat""]",0.5228064060211182,"['229b53a632ea97d47c4be11f096bdd828fb415d8', '36556bf8e0bce4ab6d26eafacbdad04d9614a5d7', 'ded26d768ff432ad3bde3c0aa1e95ce50726100a']",0.6666666666666666,0.6666666666666666,0.6666666666666666,False,0.2857142857142857,1024,False,3
"[""build"", ""docs"", ""fix"", ""feat"", ""ci""]","[""test"", ""build"", ""ci""]",0.7488431930541992,"['e0198f74b81da3663144cfe1d971939319f82a0f', 'c55591ba157298a9c5816693c102a89dfd058830', 'e7a67d88173566be3cd3aed7e9eeb7e29aabbc57']",0.4,0.6666666666666666,0.5,False,0.5714285714285714,1024,False,3
"[""test""]","[""test"", ""fix"", ""docs""]",0.339916467666626,"['bedc7950b24c37809e36a585b7985d5aa5e3e458', '933ab6bb86372913c992567cf9660009900911a7', '6d405dfc1675dcad64a2dfac0c0cb0fb28381d21']",1.0,0.3333333333333333,0.5,False,0.2857142857142857,1024,False,3
"[""fix"", ""build""]","[""fix"", ""build"", ""test""]",0.4452931880950928,"['d129eaf9125a967ac86c6c7276bbae6b4d50af36', '32b92cfa0b74a6c25990e32ac6aab12b8496794c', '317f4eefecddfb1392ca71d551840f446feee302']",1.0,0.6666666666666666,0.8,False,0.14285714285714285,1024,False,3
"[""build"", ""ci"", ""docs"", ""test""]","[""feat"", ""fix"", ""ci""]",0.6121311187744141,"['f823cf28652987d43c8324b4f5b203240032383a', '9be725fa3906323d4bc9788f54eccf74109d632b', '32845e1bbd1efb5dbc16f671049509a409ba25ce']",0.25,0.3333333333333333,0.28571428571428575,False,0.7142857142857143,1024,False,3
"[""build""]","[""fix"", ""docs"", ""build""]",0.3679373264312744,"['9ef5c0d14193a9abb09b39856f58477d1f4b0d77', 'a52a585d74894b3b4eeb8c784fa089ff95cddad0', '37b1cbfd3d2c462ef4f2a131e4172c38dc8d9ddf']",1.0,0.3333333333333333,0.5,False,0.2857142857142857,1024,False,3
"[""feat""]","[""fix"", ""ci"", ""docs""]",0.32630300521850586,"['87d5d4e55ab7149b593d29410f1fe426ba2447d4', '4cbbd2552ba0de273e1dfe7d453c5b3efed751a3', '6d405dfc1675dcad64a2dfac0c0cb0fb28381d21']",0.0,0.0,0.0,False,0.5714285714285714,1024,False,3
"[""docs"", ""fix"", ""refactor""]","[""feat"", ""docs"", ""fix""]",0.5845868587493896,"['fd8e563cc19ca4684885d4692acee6bebcca4ada', 'cb1f48b56ae0de93acb72e48726c7d610a1d538e', 'bed78248c941d57ad4cc20a455147e186e97c7a1']",0.6666666666666666,0.6666666666666666,0.6666666666666666,False,0.2857142857142857,1024,False,3
"[""refactor""]","[""feat"", ""fix"", ""refactor""]",0.42398834228515625,"['1bcf88670b50155b50071e707f98f30cea0b7a24', '9ef5c0d14193a9abb09b39856f58477d1f4b0d77', '062daa45cbd5dba6e96e95d8cdcaee89ae30a83c']",1.0,0.3333333333333333,0.5,False,0.2857142857142857,1024,False,3
"[""docs"", ""build"", ""test""]","[""fix"", ""docs"", ""test""]",0.5247375965118408,"['bed78248c941d57ad4cc20a455147e186e97c7a1', 'a52a585d74894b3b4eeb8c784fa089ff95cddad0', 'e9617f0854030e70365eb264bcb3b58078e79e9e']",0.6666666666666666,0.6666666666666666,0.6666666666666666,False,0.2857142857142857,1024,False,3
"[""docs"", ""ci"", ""fix""]","[""docs"", ""ci"", ""feat""]",0.5175721645355225,"['c2ee5cd5e709afd15c5565ee009a0d204403a119', 'dbb537a26e388a8d7d17faf131abc30c2f7a84e6', 'ded26d768ff432ad3bde3c0aa1e95ce50726100a']",0.6666666666666666,0.6666666666666666,0.6666666666666666,False,0.2857142857142857,1024,False,3
"[""build"", ""ci"", ""feat""]","[""build"", ""ci"", ""refactor""]",0.5483293533325195,"['454003841aabeb74396d73541378bfa59c75b5db', 'dbb537a26e388a8d7d17faf131abc30c2f7a84e6', '062daa45cbd5dba6e96e95d8cdcaee89ae30a83c']",0.6666666666666666,0.6666666666666666,0.6666666666666666,False,0.2857142857142857,1024,False,3
"[""test"", ""feat"", ""fix""]","[""feat"", ""fix"", ""test""]",0.5529026985168457,"['fd8e563cc19ca4684885d4692acee6bebcca4ada', 'd1d55e787b7d07f763852602b9939a5394607fd9', 'b7ce2894fd1794064bd6db4ed730bb6cb7728739']",1.0,1.0,1.0,True,0.0,1024,False,3
"[""docs"", ""test"", ""build""]","[""docs"", ""test"", ""build""]",0.5242645740509033,"['bf83c9155e9bee6925aa7102fab53fb803d52533', 'b7ce2894fd1794064bd6db4ed730bb6cb7728739', '37b1cbfd3d2c462ef4f2a131e4172c38dc8d9ddf']",1.0,1.0,1.0,True,0.0,1024,False,3
"[""build"", ""test"", ""feat""]","[""fix"", ""ci"", ""test""]",0.5265121459960938,"['d129eaf9125a967ac86c6c7276bbae6b4d50af36', 'e7a67d88173566be3cd3aed7e9eeb7e29aabbc57', '317f4eefecddfb1392ca71d551840f446feee302']",0.3333333333333333,0.3333333333333333,0.3333333333333333,False,0.5714285714285714,1024,False,3
"[""docs"", ""build""]","[""docs"", ""fix"", ""ci""]",0.4162611961364746,"['c2ee5cd5e709afd15c5565ee009a0d204403a119', 'd1d55e787b7d07f763852602b9939a5394607fd9', '6c9cb638cb4d1ecc42632fcf389c24898c5b3244']",0.5,0.3333333333333333,0.4,False,0.42857142857142855,1024,False,3
"[""ci"", ""docs"", ""fix""]","[""ci"", ""fix"", ""docs""]",0.5340447425842285,"['dbb537a26e388a8d7d17faf131abc30c2f7a84e6', 'c8e0ae8612df3d6f2831acc004aaac332f6105e4', 'e12d9e77a6fd531a22325337838a841b1c67f00d']",1.0,1.0,1.0,True,0.0,1024,False,3
"[""build"", ""docs""]","[""build"", ""docs"", ""refactor""]",0.459928035736084,"['c55591ba157298a9c5816693c102a89dfd058830', 'c2ee5cd5e709afd15c5565ee009a0d204403a119', 'a62314d9bb632be6af026686615d14b912250512']",1.0,0.6666666666666666,0.8,False,0.14285714285714285,1024,False,3
"[""docs"", ""build"", ""feat""]","[""fix"", ""build"", ""refactor""]",0.521207332611084,"['d1d55e787b7d07f763852602b9939a5394607fd9', '32b92cfa0b74a6c25990e32ac6aab12b8496794c', '062daa45cbd5dba6e96e95d8cdcaee89ae30a83c']",0.3333333333333333,0.3333333333333333,0.3333333333333333,False,0.5714285714285714,1024,False,3
"[""test"", ""fix"", ""build"", ""docs""]","[""test"", ""docs"", ""build""]",0.6007378101348877,"['f411e58cd510f8a2b980b2f1932003a0c0e9f8f3', 'af880ac5b4fecbc6c4f3d1eee0d95f326e8bd9d1', '1269431c8a3e7549f10fcbbb4b88ff625c8898b3']",0.75,1.0,0.8571428571428571,False,0.14285714285714285,1024,False,3
"[""test"", ""feat""]","[""feat"", ""fix"", ""test""]",0.42998647689819336,"['f9a094918b62534614c47aa8a13f33aec751a1e0', '87d5d4e55ab7149b593d29410f1fe426ba2447d4', '317f4eefecddfb1392ca71d551840f446feee302']",1.0,0.6666666666666666,0.8,False,0.14285714285714285,1024,False,3
"[""test"", ""feat"", ""fix""]","[""test"", ""fix"", ""feat""]",0.5240509510040283,"['229b53a632ea97d47c4be11f096bdd828fb415d8', 'c8e0ae8612df3d6f2831acc004aaac332f6105e4', 'f823cf28652987d43c8324b4f5b203240032383a']",1.0,1.0,1.0,True,0.0,1024,False,3
"[""refactor""]","[""feat"", ""fix"", ""docs""]",0.3461759090423584,"['dc5238b2bda98a7c4f2fe9584fc3b0191a408109', '06e2be4e2019b6fa714e1fcb34485860ef1ede79', 'af880ac5b4fecbc6c4f3d1eee0d95f326e8bd9d1']",0.0,0.0,0.0,False,0.5714285714285714,1024,False,3
"[""ci"", ""docs"", ""fix""]","[""ci"", ""docs"", ""test""]",0.5051229000091553,"['173553c0372e66e03bdab19e0e6c2dd44daa14a0', 'e12d9e77a6fd531a22325337838a841b1c67f00d', 'c7b25726df94a2530c9b1c0d2b6a0acaa103822f']",0.6666666666666666,0.6666666666666666,0.6666666666666666,False,0.2857142857142857,1024,False,3
"[""ci"", ""feat"", ""build""]","[""ci"", ""fix"", ""docs""]",0.49089956283569336,"['dbb537a26e388a8d7d17faf131abc30c2f7a84e6', '2561f4ade46fc9d59f289f328cc77733a6443697', 'e12d9e77a6fd531a22325337838a841b1c67f00d']",0.3333333333333333,0.3333333333333333,0.3333333333333333,False,0.5714285714285714,1024,False,3
"[""fix"", ""test""]","[""feat"", ""fix"", ""test""]",0.4593684673309326,"['f823cf28652987d43c8324b4f5b203240032383a', '9ef5c0d14193a9abb09b39856f58477d1f4b0d77', '229b53a632ea97d47c4be11f096bdd828fb415d8']",1.0,0.6666666666666666,0.8,False,0.14285714285714285,1024,False,3
"[""fix"", ""build"", ""feat""]","[""docs"", ""ci"", ""feat""]",0.566474199295044,"['6d405dfc1675dcad64a2dfac0c0cb0fb28381d21', '173553c0372e66e03bdab19e0e6c2dd44daa14a0', 'b282e90e2cbb74559aab79eee8443a4d7c85502a']",0.3333333333333333,0.3333333333333333,0.3333333333333333,False,0.5714285714285714,1024,False,3
"[""ci"", ""docs"", ""fix""]","[""ci"", ""docs"", ""build""]",0.5160572528839111,"['c5fa7b80438fbd74f4c341f0d3c9bd9e0f4910da', '036a0ff49a7dade0e04c9c07071a1ff49133ee24', 'c44cf88a6ec54e5ddd99d8348bcc57b301ec7945']",0.6666666666666666,0.6666666666666666,0.6666666666666666,False,0.2857142857142857,1024,False,3
"[""ci"", ""fix"", ""build"", ""test""]","[""ci"", ""feat"", ""build""]",0.6563754081726074,"['32845e1bbd1efb5dbc16f671049509a409ba25ce', 'b282e90e2cbb74559aab79eee8443a4d7c85502a', '37b1cbfd3d2c462ef4f2a131e4172c38dc8d9ddf']",0.5,0.6666666666666666,0.5714285714285715,False,0.42857142857142855,1024,False,3
"[""test"", ""build"", ""fix""]","[""test"", ""build"", ""fix"", ""feat""]",0.558159589767456,"['e0198f74b81da3663144cfe1d971939319f82a0f', 'f00a4d3e307b89842250358ee432e6800bb24362', 'd129eaf9125a967ac86c6c7276bbae6b4d50af36', 'dc5238b2bda98a7c4f2fe9584fc3b0191a408109']",1.0,0.75,0.8571428571428571,False,0.14285714285714285,1024,False,4
"[""ci"", ""fix"", ""docs""]","[""ci"", ""build"", ""test"", ""docs""]",0.5255389213562012,"['c5fa7b80438fbd74f4c341f0d3c9bd9e0f4910da', '1269431c8a3e7549f10fcbbb4b88ff625c8898b3', 'e2e8ad25854bd1e7cdbc7f50b50bbd99e04ad47d', '036a0ff49a7dade0e04c9c07071a1ff49133ee24']",0.6666666666666666,0.5,0.5714285714285715,False,0.42857142857142855,1024,False,4
"[""docs"", ""feat"", ""test""]","[""refactor"", ""feat"", ""docs"", ""test""]",0.5261194705963135,"['3cca5c314ad6feeffbfe1f14cf49ebd0fd9a95a2', 'dc5238b2bda98a7c4f2fe9584fc3b0191a408109', 'aca23027da1295c78fdf42ba9687d8ccc88784d7', '229b53a632ea97d47c4be11f096bdd828fb415d8']",1.0,0.75,0.8571428571428571,False,0.14285714285714285,1024,False,4
"[""build"", ""test"", ""build"", ""docs"", ""feat""]","[""fix"", ""test"", ""build"", ""refactor""]",0.7412166595458984,"['d1d55e787b7d07f763852602b9939a5394607fd9', 'bedc7950b24c37809e36a585b7985d5aa5e3e458', 'c55591ba157298a9c5816693c102a89dfd058830', '535708ae50aecb452560a23356fd396f99ef13a2']",0.5,0.5,0.5,False,0.5714285714285714,1024,False,4
"[""fix"", ""build"", ""docs"", ""test"", ""docs"", ""fix""]","[""docs"", ""build"", ""ci"", ""feat""]",0.8760654926300049,"['a52a585d74894b3b4eeb8c784fa089ff95cddad0', '1269431c8a3e7549f10fcbbb4b88ff625c8898b3', '45837af24a33308a70a3454f0f650f9fe728e272', 'e137f9fdbdb6bf3f85c3f7ac9323785e445844c8']",0.5,0.5,0.5,False,0.5714285714285714,1024,False,4
"[""fix"", ""feat"", ""build""]","[""test"", ""fix"", ""refactor"", ""ci""]",0.5574605464935303,"['e9617f0854030e70365eb264bcb3b58078e79e9e', 'bed78248c941d57ad4cc20a455147e186e97c7a1', '535708ae50aecb452560a23356fd396f99ef13a2', 'c5fa7b80438fbd74f4c341f0d3c9bd9e0f4910da']",0.3333333333333333,0.25,0.28571428571428575,False,0.7142857142857143,1024,False,4
"[""fix""]","[""ci"", ""fix"", ""feat"", ""refactor""]",0.3668637275695801,"['e7a67d88173566be3cd3aed7e9eeb7e29aabbc57', 'bed78248c941d57ad4cc20a455147e186e97c7a1', 'f823cf28652987d43c8324b4f5b203240032383a', '2954a0955ce9af6acb345ed1e8328e145ad30475']",1.0,0.25,0.4,False,0.42857142857142855,1024,False,4
"[""docs"", ""ci"", ""feat"", ""refactor""]","[""docs"", ""ci"", ""test"", ""refactor""]",0.681736946105957,"['aca23027da1295c78fdf42ba9687d8ccc88784d7', '74e9de5ec97dc013a52aa063dff0f40ac74c407b', '317f4eefecddfb1392ca71d551840f446feee302', '3cca5c314ad6feeffbfe1f14cf49ebd0fd9a95a2']",0.75,0.75,0.75,False,0.2857142857142857,1024,False,4
"[""build"", ""docs"", ""fix"", ""feat""]","[""fix"", ""feat"", ""build"", ""docs""]",0.6096560955047607,"['9be725fa3906323d4bc9788f54eccf74109d632b', 'e137f9fdbdb6bf3f85c3f7ac9323785e445844c8', 'c323d59c607cabc91f17a78528d998f376f30b10', '0cfc5633d37ea06f645649138323f1820e18bdee']",1.0,1.0,1.0,True,0.0,1024,False,4
"[""docs"", ""test"", ""fix""]","[""docs"", ""feat"", ""test"", ""fix""]",0.5558562278747559,"['0cfc5633d37ea06f645649138323f1820e18bdee', '1bcf88670b50155b50071e707f98f30cea0b7a24', '229b53a632ea97d47c4be11f096bdd828fb415d8', '87d5d4e55ab7149b593d29410f1fe426ba2447d4']",1.0,0.75,0.8571428571428571,False,0.14285714285714285,1024,False,4
"[""build"", ""ci"", ""fix""]","[""build"", ""refactor"", ""test"", ""ci""]",0.5207715034484863,"['c55591ba157298a9c5816693c102a89dfd058830', '062daa45cbd5dba6e96e95d8cdcaee89ae30a83c', 'c7b25726df94a2530c9b1c0d2b6a0acaa103822f', 'dbb537a26e388a8d7d17faf131abc30c2f7a84e6']",0.6666666666666666,0.5,0.5714285714285715,False,0.42857142857142855,1024,False,4
"[""fix""]","[""feat"", ""fix"", ""test"", ""refactor""]",0.35243678092956543,"['dc5238b2bda98a7c4f2fe9584fc3b0191a408109', 'c8e0ae8612df3d6f2831acc004aaac332f6105e4', 'f411e58cd510f8a2b980b2f1932003a0c0e9f8f3', '47ef9104e4a89e80d7cc6c1950bc080841da4a7b']",1.0,0.25,0.4,False,0.42857142857142855,1024,False,4
"[""docs"", ""feat"", ""build"", ""fix""]","[""refactor"", ""docs"", ""test"", ""ci""]",0.6572549343109131,"['63eab619e6166eb6cab948028a7b89bf059dd878', 'aca23027da1295c78fdf42ba9687d8ccc88784d7', 'f411e58cd510f8a2b980b2f1932003a0c0e9f8f3', 'e7a67d88173566be3cd3aed7e9eeb7e29aabbc57']",0.25,0.25,0.25,False,0.8571428571428571,1024,False,4
"[""docs""]","[""docs"", ""refactor"", ""test"", ""fix""]",0.3696596622467041,"['aca23027da1295c78fdf42ba9687d8ccc88784d7', '062daa45cbd5dba6e96e95d8cdcaee89ae30a83c', 'b7ce2894fd1794064bd6db4ed730bb6cb7728739', '06e2be4e2019b6fa714e1fcb34485860ef1ede79']",1.0,0.25,0.4,False,0.42857142857142855,1024,False,4
"[""docs"", ""feat"", ""build"", ""ci""]","[""test"", ""docs"", ""build"", ""ci""]",0.6459391117095947,"['317f4eefecddfb1392ca71d551840f446feee302', 'aca23027da1295c78fdf42ba9687d8ccc88784d7', 'f00a4d3e307b89842250358ee432e6800bb24362', '32845e1bbd1efb5dbc16f671049509a409ba25ce']",0.75,0.75,0.75,False,0.2857142857142857,1024,False,4
"[""fix""]","[""fix"", ""refactor"", ""docs"", ""test""]",0.3393900394439697,"['933ab6bb86372913c992567cf9660009900911a7', '3cca5c314ad6feeffbfe1f14cf49ebd0fd9a95a2', 'a52a585d74894b3b4eeb8c784fa089ff95cddad0', '229b53a632ea97d47c4be11f096bdd828fb415d8']",1.0,0.25,0.4,False,0.42857142857142855,1024,False,4
"[""build"", ""build"", ""docs"", ""build"", ""build""]","[""refactor"", ""ci"", ""docs"", ""build""]",0.7139475345611572,"['63eab619e6166eb6cab948028a7b89bf059dd878', '6c9cb638cb4d1ecc42632fcf389c24898c5b3244', 'a52a585d74894b3b4eeb8c784fa089ff95cddad0', 'c55591ba157298a9c5816693c102a89dfd058830']",1.0,0.5,0.6666666666666666,False,0.2857142857142857,1024,False,4
"[""ci"", ""build"", ""feat"", ""docs"", ""fix""]","[""ci"", ""build"", ""test"", ""fix""]",0.7418637275695801,"['173553c0372e66e03bdab19e0e6c2dd44daa14a0', 'c55591ba157298a9c5816693c102a89dfd058830', '8ee0611fbf0cd89abe7ae588f22e6ecb843598ea', '87d5d4e55ab7149b593d29410f1fe426ba2447d4']",0.6,0.75,0.6666666666666665,False,0.42857142857142855,1024,False,4
"[""ci"", ""docs"", ""fix"", ""refactor""]","[""ci"", ""build"", ""feat"", ""fix""]",0.6764888763427734,"['32845e1bbd1efb5dbc16f671049509a409ba25ce', '32b92cfa0b74a6c25990e32ac6aab12b8496794c', 'fd8e563cc19ca4684885d4692acee6bebcca4ada', '933ab6bb86372913c992567cf9660009900911a7']",0.5,0.5,0.5,False,0.5714285714285714,1024,False,4
"[""build""]","[""test"", ""build"", ""fix"", ""feat""]",0.3986780643463135,"['317f4eefecddfb1392ca71d551840f446feee302', '454003841aabeb74396d73541378bfa59c75b5db', '933ab6bb86372913c992567cf9660009900911a7', '6ed56ce9ae743ba9a87e6c9643cc06b1de7b748d']",1.0,0.25,0.4,False,0.42857142857142855,1024,False,4
"[""fix"", ""test"", ""refactor""]","[""fix"", ""docs"", ""test"", ""refactor""]",0.5567646026611328,"['d1d55e787b7d07f763852602b9939a5394607fd9', '6d405dfc1675dcad64a2dfac0c0cb0fb28381d21', 'e0198f74b81da3663144cfe1d971939319f82a0f', '36556bf8e0bce4ab6d26eafacbdad04d9614a5d7']",1.0,0.75,0.8571428571428571,False,0.14285714285714285,1024,False,4
"[""ci"", ""docs"", ""fix"", ""feat"", ""refactor""]","[""ci"", ""docs"", ""build"", ""feat""]",0.7759127616882324,"['e7a67d88173566be3cd3aed7e9eeb7e29aabbc57', '6d405dfc1675dcad64a2dfac0c0cb0fb28381d21', 'c44cf88a6ec54e5ddd99d8348bcc57b301ec7945', 'f9a094918b62534614c47aa8a13f33aec751a1e0']",0.6,0.75,0.6666666666666665,False,0.42857142857142855,1024,False,4
"[""refactor""]","[""fix"", ""test"", ""feat"", ""docs""]",0.4016563892364502,"['2561f4ade46fc9d59f289f328cc77733a6443697', 'e0198f74b81da3663144cfe1d971939319f82a0f', '1bcf88670b50155b50071e707f98f30cea0b7a24', '6d405dfc1675dcad64a2dfac0c0cb0fb28381d21']",0.0,0.0,0.0,False,0.7142857142857143,1024,False,4
"[""ci"", ""refactor"", ""test"", ""docs""]","[""ci"", ""fix"", ""test"", ""docs""]",0.6422948837280273,"['4cbbd2552ba0de273e1dfe7d453c5b3efed751a3', '933ab6bb86372913c992567cf9660009900911a7', 'b7ce2894fd1794064bd6db4ed730bb6cb7728739', 'af880ac5b4fecbc6c4f3d1eee0d95f326e8bd9d1']",0.75,0.75,0.75,False,0.2857142857142857,1024,False,4
"[""docs""]","[""feat"", ""ci"", ""refactor"", ""fix""]",0.3647730350494385,"['f823cf28652987d43c8324b4f5b203240032383a', '45837af24a33308a70a3454f0f650f9fe728e272', '36556bf8e0bce4ab6d26eafacbdad04d9614a5d7', 'bed78248c941d57ad4cc20a455147e186e97c7a1']",0.0,0.0,0.0,False,0.7142857142857143,1024,False,4
"[""fix"", ""docs"", ""test"", ""build""]","[""refactor"", ""feat"", ""docs"", ""build""]",0.6490092277526855,"['63eab619e6166eb6cab948028a7b89bf059dd878', 'e137f9fdbdb6bf3f85c3f7ac9323785e445844c8', 'a52a585d74894b3b4eeb8c784fa089ff95cddad0', 'f00a4d3e307b89842250358ee432e6800bb24362']",0.5,0.5,0.5,False,0.5714285714285714,1024,False,4
"[""build"", ""fix""]","[""build"", ""test"", ""ci"", ""refactor""]",0.49771738052368164,"['1269431c8a3e7549f10fcbbb4b88ff625c8898b3', '8ee0611fbf0cd89abe7ae588f22e6ecb843598ea', '45837af24a33308a70a3454f0f650f9fe728e272', '63eab619e6166eb6cab948028a7b89bf059dd878']",0.5,0.25,0.3333333333333333,False,0.5714285714285714,1024,False,4
"[""build"", ""refactor""]","[""build"", ""docs"", ""feat"", ""fix""]",0.4968404769897461,"['37b1cbfd3d2c462ef4f2a131e4172c38dc8d9ddf', '6d405dfc1675dcad64a2dfac0c0cb0fb28381d21', 'b282e90e2cbb74559aab79eee8443a4d7c85502a', '2561f4ade46fc9d59f289f328cc77733a6443697']",0.5,0.25,0.3333333333333333,False,0.5714285714285714,1024,False,4
"[""build""]","[""build"", ""test"", ""ci"", ""feat""]",0.39986157417297363,"['c55591ba157298a9c5816693c102a89dfd058830', '317f4eefecddfb1392ca71d551840f446feee302', 'c5fa7b80438fbd74f4c341f0d3c9bd9e0f4910da', '6ed56ce9ae743ba9a87e6c9643cc06b1de7b748d']",1.0,0.25,0.4,False,0.42857142857142855,1024,False,4
"[""build"", ""docs"", ""feat""]","[""fix"", ""build"", ""docs"", ""refactor""]",0.5230731964111328,"['933ab6bb86372913c992567cf9660009900911a7', '5b81fde8a72cf2e69a10e9f5c4f0bea0a2b8c3e0', 'c2ee5cd5e709afd15c5565ee009a0d204403a119', '3cca5c314ad6feeffbfe1f14cf49ebd0fd9a95a2']",0.6666666666666666,0.5,0.5714285714285715,False,0.42857142857142855,1024,False,4
"[""build"", ""docs"", ""feat"", ""ci""]","[""fix"", ""feat"", ""docs"", ""ci""]",0.5757136344909668,"['933ab6bb86372913c992567cf9660009900911a7', 'dc5238b2bda98a7c4f2fe9584fc3b0191a408109', '036a0ff49a7dade0e04c9c07071a1ff49133ee24', 'e7a67d88173566be3cd3aed7e9eeb7e29aabbc57']",0.75,0.75,0.75,False,0.2857142857142857,1024,False,4
"[""refactor""]","[""docs"", ""fix"", ""feat"", ""refactor""]",0.3630974292755127,"['af880ac5b4fecbc6c4f3d1eee0d95f326e8bd9d1', 'c8e0ae8612df3d6f2831acc004aaac332f6105e4', 'f9a094918b62534614c47aa8a13f33aec751a1e0', '47ef9104e4a89e80d7cc6c1950bc080841da4a7b']",1.0,0.25,0.4,False,0.42857142857142855,1024,False,4
"[""fix"", ""build"", ""docs"", ""feat"", ""refactor""]","[""fix"", ""build"", ""feat"", ""ci""]",0.7721779346466064,"['d129eaf9125a967ac86c6c7276bbae6b4d50af36', '1269431c8a3e7549f10fcbbb4b88ff625c8898b3', 'e137f9fdbdb6bf3f85c3f7ac9323785e445844c8', '173553c0372e66e03bdab19e0e6c2dd44daa14a0']",0.6,0.75,0.6666666666666665,False,0.42857142857142855,1024,False,4
"[""fix"", ""test""]","[""feat"", ""refactor"", ""test"", ""build""]",0.42474818229675293,"['dc5238b2bda98a7c4f2fe9584fc3b0191a408109', '771857b1df9470ebc15357e8879118a72c649d5b', 'b7ce2894fd1794064bd6db4ed730bb6cb7728739', 'c323d59c607cabc91f17a78528d998f376f30b10']",0.5,0.25,0.3333333333333333,False,0.5714285714285714,1024,False,4
"[""build""]","[""build"", ""test"", ""ci"", ""fix""]",0.35439348220825195,"['5b81fde8a72cf2e69a10e9f5c4f0bea0a2b8c3e0', 'b7ce2894fd1794064bd6db4ed730bb6cb7728739', '74e9de5ec97dc013a52aa063dff0f40ac74c407b', 'd129eaf9125a967ac86c6c7276bbae6b4d50af36']",1.0,0.25,0.4,False,0.42857142857142855,1024,False,4
"[""docs""]","[""docs"", ""feat"", ""build"", ""ci""]",0.33429884910583496,"['af880ac5b4fecbc6c4f3d1eee0d95f326e8bd9d1', 'ded26d768ff432ad3bde3c0aa1e95ce50726100a', '454003841aabeb74396d73541378bfa59c75b5db', '4cbbd2552ba0de273e1dfe7d453c5b3efed751a3']",1.0,0.25,0.4,False,0.42857142857142855,1024,False,4
"[""build""]","[""docs"", ""refactor"", ""ci"", ""build""]",0.36939239501953125,"['036a0ff49a7dade0e04c9c07071a1ff49133ee24', '535708ae50aecb452560a23356fd396f99ef13a2', 'e7a67d88173566be3cd3aed7e9eeb7e29aabbc57', 'c55591ba157298a9c5816693c102a89dfd058830']",1.0,0.25,0.4,False,0.42857142857142855,1024,False,4
"[""build"", ""docs"", ""docs"", ""refactor""]","[""refactor"", ""ci"", ""fix"", ""docs""]",0.6485683917999268,"['2954a0955ce9af6acb345ed1e8328e145ad30475', '6c9cb638cb4d1ecc42632fcf389c24898c5b3244', 'd1d55e787b7d07f763852602b9939a5394607fd9', '6d405dfc1675dcad64a2dfac0c0cb0fb28381d21']",0.6666666666666666,0.5,0.5714285714285715,False,0.42857142857142855,1024,False,4
"[""test"", ""ci"", ""docs"", ""refactor""]","[""test"", ""ci"", ""docs"", ""feat""]",0.6801929473876953,"['229b53a632ea97d47c4be11f096bdd828fb415d8', '4cbbd2552ba0de273e1dfe7d453c5b3efed751a3', 'bf83c9155e9bee6925aa7102fab53fb803d52533', 'ded26d768ff432ad3bde3c0aa1e95ce50726100a']",0.75,0.75,0.75,False,0.2857142857142857,1024,False,4
"[""refactor"", ""docs"", ""fix"", ""feat""]","[""refactor"", ""fix"", ""test"", ""feat""]",0.6471269130706787,"['47ef9104e4a89e80d7cc6c1950bc080841da4a7b', '9ef5c0d14193a9abb09b39856f58477d1f4b0d77', 'b7ce2894fd1794064bd6db4ed730bb6cb7728739', '1bcf88670b50155b50071e707f98f30cea0b7a24']",0.75,0.75,0.75,False,0.2857142857142857,1024,False,4
"[""build"", ""fix"", ""test"", ""feat""]","[""docs"", ""feat"", ""ci"", ""refactor""]",0.6458625793457031,"['e12d9e77a6fd531a22325337838a841b1c67f00d', 'fd8e563cc19ca4684885d4692acee6bebcca4ada', '173553c0372e66e03bdab19e0e6c2dd44daa14a0', '535708ae50aecb452560a23356fd396f99ef13a2']",0.25,0.25,0.25,False,0.8571428571428571,1024,False,4
"[""test"", ""fix"", ""build""]","[""refactor"", ""feat"", ""docs"", ""ci""]",0.5537147521972656,"['1db13ec43727aca872a0f3836e4023ed85db665e', 'b282e90e2cbb74559aab79eee8443a4d7c85502a', 'e12d9e77a6fd531a22325337838a841b1c67f00d', '74e9de5ec97dc013a52aa063dff0f40ac74c407b']",0.0,0.0,0.0,False,1.0,1024,False,4
"[""docs"", ""ci"", ""refactor""]","[""docs"", ""ci"", ""refactor"", ""test""]",0.6311008930206299,"['aca23027da1295c78fdf42ba9687d8ccc88784d7', '74e9de5ec97dc013a52aa063dff0f40ac74c407b', '2954a0955ce9af6acb345ed1e8328e145ad30475', 'f411e58cd510f8a2b980b2f1932003a0c0e9f8f3']",1.0,0.75,0.8571428571428571,False,0.14285714285714285,1024,False,4
"[""docs"", ""fix"", ""build"", ""feat"", ""test""]","[""test"", ""docs"", ""ci"", ""fix""]",0.7041013240814209,"['b7ce2894fd1794064bd6db4ed730bb6cb7728739', 'af880ac5b4fecbc6c4f3d1eee0d95f326e8bd9d1', '6c9cb638cb4d1ecc42632fcf389c24898c5b3244', 'd129eaf9125a967ac86c6c7276bbae6b4d50af36']",0.6,0.75,0.6666666666666665,False,0.42857142857142855,1024,False,4
"[""ci""]","[""ci"", ""refactor"", ""test"", ""docs""]",0.3967740535736084,"['e7a67d88173566be3cd3aed7e9eeb7e29aabbc57', '36556bf8e0bce4ab6d26eafacbdad04d9614a5d7', '8ee0611fbf0cd89abe7ae588f22e6ecb843598ea', 'c2ee5cd5e709afd15c5565ee009a0d204403a119']",1.0,0.25,0.4,False,0.42857142857142855,1024,False,4
"[""docs"", ""fix"", ""fix"", ""build"", ""test"", ""refactor""]","[""docs"", ""feat"", ""test"", ""build""]",0.8683607578277588,"['0cfc5633d37ea06f645649138323f1820e18bdee', 'fd8e563cc19ca4684885d4692acee6bebcca4ada', 'e9617f0854030e70365eb264bcb3b58078e79e9e', '1269431c8a3e7549f10fcbbb4b88ff625c8898b3']",0.6,0.75,0.6666666666666665,False,0.42857142857142855,1024,False,4
"[""docs""]","[""refactor"", ""feat"", ""test"", ""fix""]",0.339907169342041,"['47ef9104e4a89e80d7cc6c1950bc080841da4a7b', 'b282e90e2cbb74559aab79eee8443a4d7c85502a', 'e0198f74b81da3663144cfe1d971939319f82a0f', 'bed78248c941d57ad4cc20a455147e186e97c7a1']",0.0,0.0,0.0,False,0.7142857142857143,1024,False,4
"[""build"", ""fix"", ""feat"", ""docs""]","[""build"", ""ci"", ""fix"", ""refactor""]",0.6825582981109619,"['454003841aabeb74396d73541378bfa59c75b5db', '173553c0372e66e03bdab19e0e6c2dd44daa14a0', 'd129eaf9125a967ac86c6c7276bbae6b4d50af36', '63eab619e6166eb6cab948028a7b89bf059dd878']",0.5,0.5,0.5,False,0.5714285714285714,1024,False,4
"[""build""]","[""test"", ""refactor"", ""docs"", ""feat""]",0.4035360813140869,"['e9617f0854030e70365eb264bcb3b58078e79e9e', '2954a0955ce9af6acb345ed1e8328e145ad30475', 'c2ee5cd5e709afd15c5565ee009a0d204403a119', '6ed56ce9ae743ba9a87e6c9643cc06b1de7b748d']",0.0,0.0,0.0,False,0.7142857142857143,1024,False,4
"[""build"", ""docs"", ""refactor""]","[""build"", ""refactor"", ""fix"", ""ci""]",0.5856602191925049,"['454003841aabeb74396d73541378bfa59c75b5db', 'a62314d9bb632be6af026686615d14b912250512', '06e2be4e2019b6fa714e1fcb34485860ef1ede79', '4cbbd2552ba0de273e1dfe7d453c5b3efed751a3']",0.6666666666666666,0.5,0.5714285714285715,False,0.42857142857142855,1024,False,4
"[""fix"", ""docs"", ""build"", ""ci""]","[""feat"", ""test"", ""refactor"", ""ci""]",0.6218094825744629,"['b282e90e2cbb74559aab79eee8443a4d7c85502a', 'e2e8ad25854bd1e7cdbc7f50b50bbd99e04ad47d', '63eab619e6166eb6cab948028a7b89bf059dd878', '6c9cb638cb4d1ecc42632fcf389c24898c5b3244']",0.25,0.25,0.25,False,0.8571428571428571,1024,False,4
"[""docs""]","[""docs"", ""fix"", ""test"", ""refactor""]",0.3664069175720215,"['0cfc5633d37ea06f645649138323f1820e18bdee', 'd1d55e787b7d07f763852602b9939a5394607fd9', 'e2e8ad25854bd1e7cdbc7f50b50bbd99e04ad47d', '062daa45cbd5dba6e96e95d8cdcaee89ae30a83c']",1.0,0.25,0.4,False,0.42857142857142855,1024,False,4
"[""docs"", ""build""]","[""refactor"", ""fix"", ""docs"", ""ci""]",0.43385767936706543,"['47ef9104e4a89e80d7cc6c1950bc080841da4a7b', 'd129eaf9125a967ac86c6c7276bbae6b4d50af36', '0cfc5633d37ea06f645649138323f1820e18bdee', '45837af24a33308a70a3454f0f650f9fe728e272']",0.5,0.25,0.3333333333333333,False,0.5714285714285714,1024,False,4
"[""build"", ""build"", ""build"", ""fix"", ""refactor"", ""feat""]","[""fix"", ""build"", ""ci"", ""test""]",0.8711330890655518,"['bed78248c941d57ad4cc20a455147e186e97c7a1', '1269431c8a3e7549f10fcbbb4b88ff625c8898b3', '45837af24a33308a70a3454f0f650f9fe728e272', '8ee0611fbf0cd89abe7ae588f22e6ecb843598ea']",0.5,0.5,0.5,False,0.5714285714285714,1024,False,4
"[""build"", ""refactor"", ""docs""]","[""build"", ""fix"", ""ci"", ""docs""]",0.5958409309387207,"['454003841aabeb74396d73541378bfa59c75b5db', 'bed78248c941d57ad4cc20a455147e186e97c7a1', '45837af24a33308a70a3454f0f650f9fe728e272', 'c2ee5cd5e709afd15c5565ee009a0d204403a119']",0.6666666666666666,0.5,0.5714285714285715,False,0.42857142857142855,1024,False,4
"[""build"", ""refactor"", ""fix"", ""docs""]","[""ci"", ""refactor"", ""fix"", ""docs""]",0.6432845592498779,"['dbb537a26e388a8d7d17faf131abc30c2f7a84e6', '3cca5c314ad6feeffbfe1f14cf49ebd0fd9a95a2', 'd1d55e787b7d07f763852602b9939a5394607fd9', '6d405dfc1675dcad64a2dfac0c0cb0fb28381d21']",0.75,0.75,0.75,False,0.2857142857142857,1024,False,4
"[""build"", ""docs"", ""refactor""]","[""fix"", ""ci"", ""docs"", ""refactor""]",0.5556602478027344,"['2561f4ade46fc9d59f289f328cc77733a6443697', '6c9cb638cb4d1ecc42632fcf389c24898c5b3244', 'bf83c9155e9bee6925aa7102fab53fb803d52533', '771857b1df9470ebc15357e8879118a72c649d5b']",0.6666666666666666,0.5,0.5714285714285715,False,0.42857142857142855,1024,False,4
"[""refactor""]","[""fix"", ""feat"", ""build"", ""docs""]",0.3687605857849121,"['06e2be4e2019b6fa714e1fcb34485860ef1ede79', 'fd8e563cc19ca4684885d4692acee6bebcca4ada', '32b92cfa0b74a6c25990e32ac6aab12b8496794c', '6d405dfc1675dcad64a2dfac0c0cb0fb28381d21']",0.0,0.0,0.0,False,0.7142857142857143,1024,False,4
"[""build"", ""refactor""]","[""build"", ""ci"", ""test"", ""feat""]",0.46249866485595703,"['c55591ba157298a9c5816693c102a89dfd058830', '45837af24a33308a70a3454f0f650f9fe728e272', 'b7ce2894fd1794064bd6db4ed730bb6cb7728739', 'dc5238b2bda98a7c4f2fe9584fc3b0191a408109']",0.5,0.25,0.3333333333333333,False,0.5714285714285714,1024,False,4
"[""build"", ""feat"", ""test""]","[""ci"", ""docs"", ""feat"", ""test""]",0.5564994812011719,"['173553c0372e66e03bdab19e0e6c2dd44daa14a0', 'e12d9e77a6fd531a22325337838a841b1c67f00d', 'f823cf28652987d43c8324b4f5b203240032383a', '229b53a632ea97d47c4be11f096bdd828fb415d8']",0.6666666666666666,0.5,0.5714285714285715,False,0.42857142857142855,1024,False,4
"[""docs"", ""ci"", ""feat"", ""test""]","[""refactor"", ""docs"", ""ci"", ""test""]",0.6120600700378418,"['36556bf8e0bce4ab6d26eafacbdad04d9614a5d7', 'aca23027da1295c78fdf42ba9687d8ccc88784d7', 'dbb537a26e388a8d7d17faf131abc30c2f7a84e6', '229b53a632ea97d47c4be11f096bdd828fb415d8']",0.75,0.75,0.75,False,0.2857142857142857,1024,False,4
"[""docs"", ""test"", ""fix""]","[""docs"", ""refactor"", ""test"", ""fix""]",0.5252695083618164,"['0cfc5633d37ea06f645649138323f1820e18bdee', '1db13ec43727aca872a0f3836e4023ed85db665e', '229b53a632ea97d47c4be11f096bdd828fb415d8', '9be725fa3906323d4bc9788f54eccf74109d632b']",1.0,0.75,0.8571428571428571,False,0.14285714285714285,1024,False,4
"[""ci"", ""docs"", ""test""]","[""ci"", ""docs"", ""refactor"", ""test""]",0.5598480701446533,"['c5fa7b80438fbd74f4c341f0d3c9bd9e0f4910da', 'bf83c9155e9bee6925aa7102fab53fb803d52533', '062daa45cbd5dba6e96e95d8cdcaee89ae30a83c', 'bedc7950b24c37809e36a585b7985d5aa5e3e458']",1.0,0.75,0.8571428571428571,False,0.14285714285714285,1024,False,4
"[""docs"", ""build"", ""refactor""]","[""fix"", ""docs"", ""ci"", ""feat""]",0.5787971019744873,"['9be725fa3906323d4bc9788f54eccf74109d632b', '036a0ff49a7dade0e04c9c07071a1ff49133ee24', '45837af24a33308a70a3454f0f650f9fe728e272', 'f823cf28652987d43c8324b4f5b203240032383a']",0.3333333333333333,0.25,0.28571428571428575,False,0.7142857142857143,1024,False,4
"[""docs"", ""test"", ""feat""]","[""docs"", ""test"", ""build"", ""feat""]",0.5331156253814697,"['bf83c9155e9bee6925aa7102fab53fb803d52533', 'e0198f74b81da3663144cfe1d971939319f82a0f', 'f00a4d3e307b89842250358ee432e6800bb24362', 'ded26d768ff432ad3bde3c0aa1e95ce50726100a']",1.0,0.75,0.8571428571428571,False,0.14285714285714285,1024,False,4
"[""docs""]","[""docs"", ""refactor"", ""test"", ""fix""]",0.3747892379760742,"['aca23027da1295c78fdf42ba9687d8ccc88784d7', '1db13ec43727aca872a0f3836e4023ed85db665e', 'f411e58cd510f8a2b980b2f1932003a0c0e9f8f3', '2561f4ade46fc9d59f289f328cc77733a6443697']",1.0,0.25,0.4,False,0.42857142857142855,1024,False,4
"[""test"", ""feat"", ""docs"", ""fix""]","[""test"", ""feat"", ""docs"", ""ci""]",0.6502094268798828,"['e0198f74b81da3663144cfe1d971939319f82a0f', 'f823cf28652987d43c8324b4f5b203240032383a', 'aca23027da1295c78fdf42ba9687d8ccc88784d7', 'e96487ad7ce90b141219d9032fa2bed68d5dae6a']",0.75,0.75,0.75,False,0.2857142857142857,1024,False,4
"[""fix"", ""build"", ""fix"", ""docs"", ""test""]","[""refactor"", ""build"", ""feat"", ""docs""]",0.7115507125854492,"['63eab619e6166eb6cab948028a7b89bf059dd878', '32b92cfa0b74a6c25990e32ac6aab12b8496794c', 'fd8e563cc19ca4684885d4692acee6bebcca4ada', 'a52a585d74894b3b4eeb8c784fa089ff95cddad0']",0.5,0.5,0.5,False,0.5714285714285714,1024,False,4
"[""build"", ""docs"", ""refactor""]","[""build"", ""fix"", ""test"", ""feat""]",0.5873019695281982,"['37b1cbfd3d2c462ef4f2a131e4172c38dc8d9ddf', 'c8e0ae8612df3d6f2831acc004aaac332f6105e4', 'c7b25726df94a2530c9b1c0d2b6a0acaa103822f', '1bcf88670b50155b50071e707f98f30cea0b7a24']",0.3333333333333333,0.25,0.28571428571428575,False,0.7142857142857143,1024,False,4
"[""build"", ""build"", ""docs"", ""feat"", ""docs""]","[""refactor"", ""ci"", ""docs"", ""build""]",0.7341718673706055,"['771857b1df9470ebc15357e8879118a72c649d5b', '6c9cb638cb4d1ecc42632fcf389c24898c5b3244', '6d405dfc1675dcad64a2dfac0c0cb0fb28381d21', '454003841aabeb74396d73541378bfa59c75b5db']",0.6666666666666666,0.5,0.5714285714285715,False,0.42857142857142855,1024,False,4
"[""fix"", ""docs"", ""refactor"", ""build"", ""test""]","[""fix"", ""docs"", ""refactor"", ""ci"", ""test""]",0.7443945407867432,"['9be725fa3906323d4bc9788f54eccf74109d632b', 'bf83c9155e9bee6925aa7102fab53fb803d52533', '535708ae50aecb452560a23356fd396f99ef13a2', '4cbbd2552ba0de273e1dfe7d453c5b3efed751a3', 'bedc7950b24c37809e36a585b7985d5aa5e3e458']",0.8,0.8,0.8000000000000002,False,0.2857142857142857,1024,False,5
"[""refactor"", ""docs"", ""fix"", ""feat""]","[""test"", ""docs"", ""refactor"", ""build"", ""feat""]",0.6870718002319336,"['229b53a632ea97d47c4be11f096bdd828fb415d8', 'bf83c9155e9bee6925aa7102fab53fb803d52533', '062daa45cbd5dba6e96e95d8cdcaee89ae30a83c', 'e4a11fd5c34942ba12737f1c8c084489428ee274', 'fd8e563cc19ca4684885d4692acee6bebcca4ada']",0.75,0.6,0.6666666666666665,False,0.42857142857142855,1024,False,5
"[""build"", ""fix"", ""docs"", ""feat"", ""build""]","[""test"", ""ci"", ""fix"", ""build"", ""refactor""]",0.7486071586608887,"['317f4eefecddfb1392ca71d551840f446feee302', 'e7a67d88173566be3cd3aed7e9eeb7e29aabbc57', 'd1d55e787b7d07f763852602b9939a5394607fd9', 'f00a4d3e307b89842250358ee432e6800bb24362', '771857b1df9470ebc15357e8879118a72c649d5b']",0.5,0.4,0.4444444444444445,False,0.7142857142857143,1024,False,5
"[""ci"", ""fix"", ""docs"", ""refactor"", ""test""]","[""ci"", ""refactor"", ""build"", ""test"", ""fix""]",0.7394144535064697,"['e7a67d88173566be3cd3aed7e9eeb7e29aabbc57', '47ef9104e4a89e80d7cc6c1950bc080841da4a7b', '5b81fde8a72cf2e69a10e9f5c4f0bea0a2b8c3e0', 'bedc7950b24c37809e36a585b7985d5aa5e3e458', '9ef5c0d14193a9abb09b39856f58477d1f4b0d77']",0.8,0.8,0.8000000000000002,False,0.2857142857142857,1024,False,5
"[""build""]","[""build"", ""fix"", ""feat"", ""refactor"", ""docs""]",0.3653547763824463,"['e4a11fd5c34942ba12737f1c8c084489428ee274', '9ef5c0d14193a9abb09b39856f58477d1f4b0d77', 'dc5238b2bda98a7c4f2fe9584fc3b0191a408109', '771857b1df9470ebc15357e8879118a72c649d5b', 'c2ee5cd5e709afd15c5565ee009a0d204403a119']",1.0,0.2,0.33333333333333337,False,0.5714285714285714,1024,False,5
"[""docs"", ""fix"", ""refactor"", ""build"", ""docs"", ""feat""]","[""docs"", ""test"", ""build"", ""fix"", ""feat""]",0.865349531173706,"['bf83c9155e9bee6925aa7102fab53fb803d52533', '229b53a632ea97d47c4be11f096bdd828fb415d8', 'c55591ba157298a9c5816693c102a89dfd058830', '06e2be4e2019b6fa714e1fcb34485860ef1ede79', 'f823cf28652987d43c8324b4f5b203240032383a']",0.8,0.8,0.8000000000000002,False,0.2857142857142857,1024,False,5
"[""ci"", ""build"", ""fix"", ""test"", ""refactor""]","[""ci"", ""build"", ""fix"", ""test"", ""feat""]",0.7755846977233887,"['e7a67d88173566be3cd3aed7e9eeb7e29aabbc57', 'c55591ba157298a9c5816693c102a89dfd058830', 'd129eaf9125a967ac86c6c7276bbae6b4d50af36', '229b53a632ea97d47c4be11f096bdd828fb415d8', '1bcf88670b50155b50071e707f98f30cea0b7a24']",0.8,0.8,0.8000000000000002,False,0.2857142857142857,1024,False,5
"[""refactor"", ""fix"", ""build"", ""ci"", ""docs""]","[""fix"", ""test"", ""build"", ""ci"", ""refactor""]",0.7740423679351807,"['2561f4ade46fc9d59f289f328cc77733a6443697', 'b7ce2894fd1794064bd6db4ed730bb6cb7728739', '1269431c8a3e7549f10fcbbb4b88ff625c8898b3', 'e96487ad7ce90b141219d9032fa2bed68d5dae6a', '36556bf8e0bce4ab6d26eafacbdad04d9614a5d7']",0.8,0.8,0.8000000000000002,False,0.2857142857142857,1024,False,5
"[""docs"", ""fix""]","[""docs"", ""ci"", ""refactor"", ""test"", ""fix""]",0.4620387554168701,"['bf83c9155e9bee6925aa7102fab53fb803d52533', 'e7a67d88173566be3cd3aed7e9eeb7e29aabbc57', '535708ae50aecb452560a23356fd396f99ef13a2', 'c7b25726df94a2530c9b1c0d2b6a0acaa103822f', '06e2be4e2019b6fa714e1fcb34485860ef1ede79']",1.0,0.4,0.5714285714285715,False,0.42857142857142855,1024,False,5
"[""fix"", ""docs"", ""build"", ""feat"", ""refactor""]","[""refactor"", ""docs"", ""build"", ""feat"", ""fix""]",0.774341344833374,"['36556bf8e0bce4ab6d26eafacbdad04d9614a5d7', 'c2ee5cd5e709afd15c5565ee009a0d204403a119', 'c55591ba157298a9c5816693c102a89dfd058830', '68278b00450f2679761a2999500f6d87a579376b', '9ef5c0d14193a9abb09b39856f58477d1f4b0d77']",1.0,1.0,1.0,True,0.0,1024,False,5
"[""fix"", ""build"", ""feat"", ""docs"", ""test"", ""refactor""]","[""feat"", ""build"", ""fix"", ""ci"", ""test""]",0.86153244972229,"['ded26d768ff432ad3bde3c0aa1e95ce50726100a', 'c323d59c607cabc91f17a78528d998f376f30b10', '2561f4ade46fc9d59f289f328cc77733a6443697', '45837af24a33308a70a3454f0f650f9fe728e272', 'e0198f74b81da3663144cfe1d971939319f82a0f']",0.6666666666666666,0.8,0.7272727272727272,False,0.42857142857142855,1024,False,5
"[""ci"", ""docs"", ""fix"", ""build"", ""feat""]","[""ci"", ""refactor"", ""test"", ""feat"", ""fix""]",0.7566800117492676,"['e96487ad7ce90b141219d9032fa2bed68d5dae6a', 'a62314d9bb632be6af026686615d14b912250512', 'c7b25726df94a2530c9b1c0d2b6a0acaa103822f', '6ed56ce9ae743ba9a87e6c9643cc06b1de7b748d', '9ef5c0d14193a9abb09b39856f58477d1f4b0d77']",0.6,0.6,0.6,False,0.5714285714285714,1024,False,5
"[""build"", ""docs"", ""fix"", ""feat"", ""refactor""]","[""build"", ""refactor"", ""ci"", ""docs"", ""fix""]",0.7440388202667236,"['c55591ba157298a9c5816693c102a89dfd058830', '63eab619e6166eb6cab948028a7b89bf059dd878', 'c5fa7b80438fbd74f4c341f0d3c9bd9e0f4910da', '036a0ff49a7dade0e04c9c07071a1ff49133ee24', '9be725fa3906323d4bc9788f54eccf74109d632b']",0.8,0.8,0.8000000000000002,False,0.2857142857142857,1024,False,5
"[""docs"", ""build"", ""feat"", ""fix"", ""refactor""]","[""docs"", ""ci"", ""refactor"", ""build"", ""feat""]",0.7751243114471436,"['bf83c9155e9bee6925aa7102fab53fb803d52533', '173553c0372e66e03bdab19e0e6c2dd44daa14a0', '535708ae50aecb452560a23356fd396f99ef13a2', '1269431c8a3e7549f10fcbbb4b88ff625c8898b3', 'f823cf28652987d43c8324b4f5b203240032383a']",0.8,0.8,0.8000000000000002,False,0.2857142857142857,1024,False,5
"[""fix"", ""docs"", ""refactor"", ""test"", ""fix""]","[""test"", ""feat"", ""refactor"", ""fix"", ""docs""]",0.767531156539917,"['bedc7950b24c37809e36a585b7985d5aa5e3e458', 'fd8e563cc19ca4684885d4692acee6bebcca4ada', '062daa45cbd5dba6e96e95d8cdcaee89ae30a83c', 'c8e0ae8612df3d6f2831acc004aaac332f6105e4', '036a0ff49a7dade0e04c9c07071a1ff49133ee24']",1.0,0.8,0.888888888888889,False,0.14285714285714285,1024,False,5
"[""docs"", ""fix"", ""refactor"", ""build"", ""feat""]","[""docs"", ""build"", ""ci"", ""fix"", ""test""]",0.7787284851074219,"['c2ee5cd5e709afd15c5565ee009a0d204403a119', '1269431c8a3e7549f10fcbbb4b88ff625c8898b3', 'e7a67d88173566be3cd3aed7e9eeb7e29aabbc57', 'bed78248c941d57ad4cc20a455147e186e97c7a1', 'e9617f0854030e70365eb264bcb3b58078e79e9e']",0.6,0.6,0.6,False,0.5714285714285714,1024,False,5
"[""build""]","[""refactor"", ""ci"", ""docs"", ""test"", ""build""]",0.3726177215576172,"['3cca5c314ad6feeffbfe1f14cf49ebd0fd9a95a2', 'dbb537a26e388a8d7d17faf131abc30c2f7a84e6', 'e12d9e77a6fd531a22325337838a841b1c67f00d', 'c7b25726df94a2530c9b1c0d2b6a0acaa103822f', '37b1cbfd3d2c462ef4f2a131e4172c38dc8d9ddf']",1.0,0.2,0.33333333333333337,False,0.5714285714285714,1024,False,5
"[""test"", ""docs"", ""ci"", ""build"", ""fix""]","[""test"", ""feat"", ""ci"", ""refactor"", ""fix""]",0.7187573909759521,"['229b53a632ea97d47c4be11f096bdd828fb415d8', 'b282e90e2cbb74559aab79eee8443a4d7c85502a', 'dbb537a26e388a8d7d17faf131abc30c2f7a84e6', '3cca5c314ad6feeffbfe1f14cf49ebd0fd9a95a2', '933ab6bb86372913c992567cf9660009900911a7']",0.6,0.6,0.6,False,0.5714285714285714,1024,False,5
"[""build""]","[""build"", ""fix"", ""ci"", ""refactor"", ""docs""]",0.3698265552520752,"['37b1cbfd3d2c462ef4f2a131e4172c38dc8d9ddf', '06e2be4e2019b6fa714e1fcb34485860ef1ede79', 'c5fa7b80438fbd74f4c341f0d3c9bd9e0f4910da', '1db13ec43727aca872a0f3836e4023ed85db665e', 'a52a585d74894b3b4eeb8c784fa089ff95cddad0']",1.0,0.2,0.33333333333333337,False,0.5714285714285714,1024,False,5
"[""build"", ""docs"", ""fix"", ""refactor"", ""feat""]","[""build"", ""docs"", ""ci"", ""test"", ""feat""]",0.7729525566101074,"['c44cf88a6ec54e5ddd99d8348bcc57b301ec7945', '6d405dfc1675dcad64a2dfac0c0cb0fb28381d21', 'e7a67d88173566be3cd3aed7e9eeb7e29aabbc57', 'f411e58cd510f8a2b980b2f1932003a0c0e9f8f3', 'f823cf28652987d43c8324b4f5b203240032383a']",0.6,0.6,0.6,False,0.5714285714285714,1024,False,5
"[""build"", ""docs"", ""fix"", ""feat"", ""refactor"", ""test"", ""ci""]","[""feat"", ""fix"", ""refactor"", ""build"", ""test""]",0.9296338558197021,"['f823cf28652987d43c8324b4f5b203240032383a', 'c8e0ae8612df3d6f2831acc004aaac332f6105e4', '47ef9104e4a89e80d7cc6c1950bc080841da4a7b', 'e4a11fd5c34942ba12737f1c8c084489428ee274', 'c7b25726df94a2530c9b1c0d2b6a0acaa103822f']",0.7142857142857143,1.0,0.8333333333333333,False,0.2857142857142857,1024,False,5
"[""fix"", ""docs"", ""ci"", ""refactor""]","[""refactor"", ""build"", ""ci"", ""docs"", ""test""]",0.6523778438568115,"['1db13ec43727aca872a0f3836e4023ed85db665e', '32b92cfa0b74a6c25990e32ac6aab12b8496794c', 'e96487ad7ce90b141219d9032fa2bed68d5dae6a', '6d405dfc1675dcad64a2dfac0c0cb0fb28381d21', 'e2e8ad25854bd1e7cdbc7f50b50bbd99e04ad47d']",0.75,0.6,0.6666666666666665,False,0.42857142857142855,1024,False,5
"[""build"", ""fix"", ""docs"", ""test"", ""refactor""]","[""build"", ""test"", ""refactor"", ""ci"", ""fix""]",0.7741365432739258,"['37b1cbfd3d2c462ef4f2a131e4172c38dc8d9ddf', 'f411e58cd510f8a2b980b2f1932003a0c0e9f8f3', '1db13ec43727aca872a0f3836e4023ed85db665e', 'c5fa7b80438fbd74f4c341f0d3c9bd9e0f4910da', 'd129eaf9125a967ac86c6c7276bbae6b4d50af36']",0.8,0.8,0.8000000000000002,False,0.2857142857142857,1024,False,5
"[""build""]","[""build"", ""docs"", ""ci"", ""test"", ""fix""]",0.3676643371582031,"['c55591ba157298a9c5816693c102a89dfd058830', 'a52a585d74894b3b4eeb8c784fa089ff95cddad0', '6c9cb638cb4d1ecc42632fcf389c24898c5b3244', 'c7b25726df94a2530c9b1c0d2b6a0acaa103822f', 'bed78248c941d57ad4cc20a455147e186e97c7a1']",1.0,0.2,0.33333333333333337,False,0.5714285714285714,1024,False,5
"[""build"", ""ci"", ""refactor"", ""docs"", ""test""]","[""fix"", ""ci"", ""feat"", ""build"", ""refactor""]",0.7467465400695801,"['9ef5c0d14193a9abb09b39856f58477d1f4b0d77', 'dbb537a26e388a8d7d17faf131abc30c2f7a84e6', '6ed56ce9ae743ba9a87e6c9643cc06b1de7b748d', 'e4a11fd5c34942ba12737f1c8c084489428ee274', '1db13ec43727aca872a0f3836e4023ed85db665e']",0.6,0.6,0.6,False,0.5714285714285714,1024,False,5
"[""refactor"", ""docs"", ""test"", ""feat"", ""fix""]","[""fix"", ""build"", ""refactor"", ""feat"", ""test""]",0.7790241241455078,"['bed78248c941d57ad4cc20a455147e186e97c7a1', 'e4a11fd5c34942ba12737f1c8c084489428ee274', '062daa45cbd5dba6e96e95d8cdcaee89ae30a83c', 'f823cf28652987d43c8324b4f5b203240032383a', 'c7b25726df94a2530c9b1c0d2b6a0acaa103822f']",0.8,0.8,0.8000000000000002,False,0.2857142857142857,1024,False,5
"[""fix"", ""docs"", ""refactor"", ""test"", ""build""]","[""fix"", ""test"", ""feat"", ""docs"", ""build""]",0.7654283046722412,"['87d5d4e55ab7149b593d29410f1fe426ba2447d4', 'bedc7950b24c37809e36a585b7985d5aa5e3e458', 'ded26d768ff432ad3bde3c0aa1e95ce50726100a', 'a52a585d74894b3b4eeb8c784fa089ff95cddad0', 'c323d59c607cabc91f17a78528d998f376f30b10']",0.8,0.8,0.8000000000000002,False,0.2857142857142857,1024,False,5
"[""build"", ""docs"", ""fix"", ""refactor"", ""test""]","[""test"", ""docs"", ""feat"", ""build"", ""fix""]",0.779472827911377,"['8ee0611fbf0cd89abe7ae588f22e6ecb843598ea', 'c2ee5cd5e709afd15c5565ee009a0d204403a119', 'fd8e563cc19ca4684885d4692acee6bebcca4ada', '1269431c8a3e7549f10fcbbb4b88ff625c8898b3', '06e2be4e2019b6fa714e1fcb34485860ef1ede79']",0.8,0.8,0.8000000000000002,False,0.2857142857142857,1024,False,5
"[""fix"", ""feat"", ""docs"", ""build"", ""refactor"", ""test"", ""ci""]","[""docs"", ""feat"", ""build"", ""refactor"", ""test""]",0.965142011642456,"['a52a585d74894b3b4eeb8c784fa089ff95cddad0', 'f9a094918b62534614c47aa8a13f33aec751a1e0', '1269431c8a3e7549f10fcbbb4b88ff625c8898b3', '535708ae50aecb452560a23356fd396f99ef13a2', 'e0198f74b81da3663144cfe1d971939319f82a0f']",0.7142857142857143,1.0,0.8333333333333333,False,0.2857142857142857,1024,False,5
"[""fix"", ""docs"", ""refactor"", ""test"", ""build""]","[""fix"", ""feat"", ""test"", ""refactor"", ""build""]",0.7751085758209229,"['d129eaf9125a967ac86c6c7276bbae6b4d50af36', '68278b00450f2679761a2999500f6d87a579376b', 'e2e8ad25854bd1e7cdbc7f50b50bbd99e04ad47d', '771857b1df9470ebc15357e8879118a72c649d5b', 'f00a4d3e307b89842250358ee432e6800bb24362']",0.8,0.8,0.8000000000000002,False,0.2857142857142857,1024,False,5
"[""fix"", ""docs"", ""refactor"", ""test"", ""fix""]","[""fix"", ""build"", ""refactor"", ""test"", ""docs""]",0.7709932327270508,"['933ab6bb86372913c992567cf9660009900911a7', '37b1cbfd3d2c462ef4f2a131e4172c38dc8d9ddf', '1db13ec43727aca872a0f3836e4023ed85db665e', 'c7b25726df94a2530c9b1c0d2b6a0acaa103822f', 'e12d9e77a6fd531a22325337838a841b1c67f00d']",1.0,0.8,0.888888888888889,False,0.14285714285714285,1024,False,5
"[""build"", ""docs"", ""test"", ""feat"", ""refactor""]","[""fix"", ""ci"", ""docs"", ""build"", ""feat""]",0.7692248821258545,"['06e2be4e2019b6fa714e1fcb34485860ef1ede79', '4cbbd2552ba0de273e1dfe7d453c5b3efed751a3', 'cb1f48b56ae0de93acb72e48726c7d610a1d538e', 'c323d59c607cabc91f17a78528d998f376f30b10', 'f9a094918b62534614c47aa8a13f33aec751a1e0']",0.6,0.6,0.6,False,0.5714285714285714,1024,False,5
"[""fix"", ""docs"", ""feat"", ""build"", ""refactor""]","[""feat"", ""build"", ""refactor"", ""docs"", ""fix""]",0.7662651538848877,"['fd8e563cc19ca4684885d4692acee6bebcca4ada', 'f00a4d3e307b89842250358ee432e6800bb24362', '535708ae50aecb452560a23356fd396f99ef13a2', 'e12d9e77a6fd531a22325337838a841b1c67f00d', '9be725fa3906323d4bc9788f54eccf74109d632b']",1.0,1.0,1.0,True,0.0,1024,False,5
"[""refactor"", ""docs"", ""test"", ""fix""]","[""test"", ""docs"", ""refactor"", ""ci"", ""feat""]",0.6835262775421143,"['229b53a632ea97d47c4be11f096bdd828fb415d8', 'bf83c9155e9bee6925aa7102fab53fb803d52533', '062daa45cbd5dba6e96e95d8cdcaee89ae30a83c', '32845e1bbd1efb5dbc16f671049509a409ba25ce', 'dc5238b2bda98a7c4f2fe9584fc3b0191a408109']",0.75,0.6,0.6666666666666665,False,0.42857142857142855,1024,False,5
"[""build""]","[""build"", ""docs"", ""fix"", ""test"", ""refactor""]",0.3764476776123047,"['454003841aabeb74396d73541378bfa59c75b5db', 'e12d9e77a6fd531a22325337838a841b1c67f00d', 'bed78248c941d57ad4cc20a455147e186e97c7a1', 'f411e58cd510f8a2b980b2f1932003a0c0e9f8f3', '062daa45cbd5dba6e96e95d8cdcaee89ae30a83c']",1.0,0.2,0.33333333333333337,False,0.5714285714285714,1024,False,5
"[""build""]","[""build"", ""ci"", ""docs"", ""test"", ""refactor""]",0.37331581115722656,"['5b81fde8a72cf2e69a10e9f5c4f0bea0a2b8c3e0', '74e9de5ec97dc013a52aa063dff0f40ac74c407b', 'a52a585d74894b3b4eeb8c784fa089ff95cddad0', 'e0198f74b81da3663144cfe1d971939319f82a0f', '062daa45cbd5dba6e96e95d8cdcaee89ae30a83c']",1.0,0.2,0.33333333333333337,False,0.5714285714285714,1024,False,5
"[""build""]","[""build"", ""ci"", ""docs"", ""refactor"", ""fix""]",0.3397409915924072,"['32b92cfa0b74a6c25990e32ac6aab12b8496794c', '6c9cb638cb4d1ecc42632fcf389c24898c5b3244', 'aca23027da1295c78fdf42ba9687d8ccc88784d7', '47ef9104e4a89e80d7cc6c1950bc080841da4a7b', '2561f4ade46fc9d59f289f328cc77733a6443697']",1.0,0.2,0.33333333333333337,False,0.5714285714285714,1024,False,5
"[""docs"", ""build"", ""fix""]","[""test"", ""docs"", ""fix"", ""feat"", ""build""]",0.5642900466918945,"['e0198f74b81da3663144cfe1d971939319f82a0f', 'c2ee5cd5e709afd15c5565ee009a0d204403a119', '9ef5c0d14193a9abb09b39856f58477d1f4b0d77', 'f823cf28652987d43c8324b4f5b203240032383a', 'c44cf88a6ec54e5ddd99d8348bcc57b301ec7945']",1.0,0.6,0.7499999999999999,False,0.2857142857142857,1024,False,5
"[""build"", ""docs"", ""feat"", ""fix"", ""refactor"", ""test"", ""ci""]","[""refactor"", ""ci"", ""test"", ""build"", ""feat""]",0.9678199291229248,"['3cca5c314ad6feeffbfe1f14cf49ebd0fd9a95a2', '32845e1bbd1efb5dbc16f671049509a409ba25ce', 'e9617f0854030e70365eb264bcb3b58078e79e9e', '454003841aabeb74396d73541378bfa59c75b5db', 'fd8e563cc19ca4684885d4692acee6bebcca4ada']",0.7142857142857143,1.0,0.8333333333333333,False,0.2857142857142857,1024,False,5
"[""docs"", ""fix"", ""refactor"", ""build"", ""feat"", ""build""]","[""refactor"", ""feat"", ""build"", ""fix"", ""test""]",0.8706142902374268,"['062daa45cbd5dba6e96e95d8cdcaee89ae30a83c', 'f823cf28652987d43c8324b4f5b203240032383a', 'c44cf88a6ec54e5ddd99d8348bcc57b301ec7945', '933ab6bb86372913c992567cf9660009900911a7', '8ee0611fbf0cd89abe7ae588f22e6ecb843598ea']",0.8,0.8,0.8000000000000002,False,0.2857142857142857,1024,False,5
"[""fix"", ""docs"", ""test"", ""refactor"", ""ci""]","[""refactor"", ""test"", ""docs"", ""feat"", ""ci""]",0.7442338466644287,"['36556bf8e0bce4ab6d26eafacbdad04d9614a5d7', '317f4eefecddfb1392ca71d551840f446feee302', '036a0ff49a7dade0e04c9c07071a1ff49133ee24', 'e137f9fdbdb6bf3f85c3f7ac9323785e445844c8', 'e7a67d88173566be3cd3aed7e9eeb7e29aabbc57']",0.8,0.8,0.8000000000000002,False,0.2857142857142857,1024,False,5
"[""refactor""]","[""test"", ""ci"", ""refactor"", ""feat"", ""fix""]",0.3991281986236572,"['e0198f74b81da3663144cfe1d971939319f82a0f', '173553c0372e66e03bdab19e0e6c2dd44daa14a0', '062daa45cbd5dba6e96e95d8cdcaee89ae30a83c', 'f823cf28652987d43c8324b4f5b203240032383a', 'bed78248c941d57ad4cc20a455147e186e97c7a1']",1.0,0.2,0.33333333333333337,False,0.5714285714285714,1024,False,5
"[""ci"", ""docs"", ""fix"", ""refactor"", ""feat""]","[""ci"", ""refactor"", ""docs"", ""fix"", ""feat""]",0.7437000274658203,"['32845e1bbd1efb5dbc16f671049509a409ba25ce', '63eab619e6166eb6cab948028a7b89bf059dd878', 'af880ac5b4fecbc6c4f3d1eee0d95f326e8bd9d1', '9be725fa3906323d4bc9788f54eccf74109d632b', 'fd8e563cc19ca4684885d4692acee6bebcca4ada']",1.0,1.0,1.0,True,0.0,1024,False,5
"[""docs""]","[""docs"", ""refactor"", ""fix"", ""test"", ""build""]",0.3761475086212158,"['bf83c9155e9bee6925aa7102fab53fb803d52533', '3cca5c314ad6feeffbfe1f14cf49ebd0fd9a95a2', '2561f4ade46fc9d59f289f328cc77733a6443697', '317f4eefecddfb1392ca71d551840f446feee302', '454003841aabeb74396d73541378bfa59c75b5db']",1.0,0.2,0.33333333333333337,False,0.5714285714285714,1024,False,5
"[""refactor"", ""fix"", ""test"", ""feat"", ""docs""]","[""test"", ""ci"", ""fix"", ""docs"", ""refactor""]",0.7748379707336426,"['317f4eefecddfb1392ca71d551840f446feee302', '32845e1bbd1efb5dbc16f671049509a409ba25ce', 'c8e0ae8612df3d6f2831acc004aaac332f6105e4', '6d405dfc1675dcad64a2dfac0c0cb0fb28381d21', '062daa45cbd5dba6e96e95d8cdcaee89ae30a83c']",0.8,0.8,0.8000000000000002,False,0.2857142857142857,1024,False,5
"[""build"", ""ci"", ""feat"", ""docs""]","[""build"", ""ci"", ""test"", ""docs"", ""feat""]",0.6220107078552246,"['c55591ba157298a9c5816693c102a89dfd058830', 'dbb537a26e388a8d7d17faf131abc30c2f7a84e6', 'e0198f74b81da3663144cfe1d971939319f82a0f', '0cfc5633d37ea06f645649138323f1820e18bdee', 'dc5238b2bda98a7c4f2fe9584fc3b0191a408109']",1.0,0.8,0.888888888888889,False,0.14285714285714285,1024,False,5
"[""fix"", ""docs"", ""test"", ""refactor"", ""ci"", ""build""]","[""refactor"", ""feat"", ""test"", ""fix"", ""ci""]",0.8414766788482666,"['535708ae50aecb452560a23356fd396f99ef13a2', 'dc5238b2bda98a7c4f2fe9584fc3b0191a408109', 'e2e8ad25854bd1e7cdbc7f50b50bbd99e04ad47d', '2561f4ade46fc9d59f289f328cc77733a6443697', 'c5fa7b80438fbd74f4c341f0d3c9bd9e0f4910da']",0.6666666666666666,0.8,0.7272727272727272,False,0.42857142857142855,1024,False,5
"[""ci"", ""docs"", ""fix"", ""build"", ""refactor""]","[""ci"", ""docs"", ""refactor"", ""build"", ""test""]",0.7417964935302734,"['c5fa7b80438fbd74f4c341f0d3c9bd9e0f4910da', 'af880ac5b4fecbc6c4f3d1eee0d95f326e8bd9d1', '47ef9104e4a89e80d7cc6c1950bc080841da4a7b', '37b1cbfd3d2c462ef4f2a131e4172c38dc8d9ddf', 'c7b25726df94a2530c9b1c0d2b6a0acaa103822f']",0.8,0.8,0.8000000000000002,False,0.2857142857142857,1024,False,5
"[""build""]","[""build"", ""docs"", ""refactor"", ""test"", ""feat""]",0.3726520538330078,"['454003841aabeb74396d73541378bfa59c75b5db', 'aca23027da1295c78fdf42ba9687d8ccc88784d7', '771857b1df9470ebc15357e8879118a72c649d5b', 'bedc7950b24c37809e36a585b7985d5aa5e3e458', 'e137f9fdbdb6bf3f85c3f7ac9323785e445844c8']",1.0,0.2,0.33333333333333337,False,0.5714285714285714,1024,False,5
"[""build"", ""fix"", ""docs"", ""test"", ""refactor"", ""feat""]","[""ci"", ""feat"", ""fix"", ""docs"", ""test""]",0.8384356498718262,"['74e9de5ec97dc013a52aa063dff0f40ac74c407b', 'ded26d768ff432ad3bde3c0aa1e95ce50726100a', '9be725fa3906323d4bc9788f54eccf74109d632b', 'a52a585d74894b3b4eeb8c784fa089ff95cddad0', 'e9617f0854030e70365eb264bcb3b58078e79e9e']",0.6666666666666666,0.8,0.7272727272727272,False,0.42857142857142855,1024,False,5
"[""fix"", ""docs"", ""test"", ""refactor""]","[""feat"", ""build"", ""test"", ""docs"", ""fix""]",0.6766080856323242,"['f9a094918b62534614c47aa8a13f33aec751a1e0', 'e4a11fd5c34942ba12737f1c8c084489428ee274', '229b53a632ea97d47c4be11f096bdd828fb415d8', '036a0ff49a7dade0e04c9c07071a1ff49133ee24', '2561f4ade46fc9d59f289f328cc77733a6443697']",0.75,0.6,0.6666666666666665,False,0.42857142857142855,1024,False,5
"[""build"", ""docs"", ""test"", ""fix"", ""feat""]","[""build"", ""docs"", ""test"", ""fix"", ""ci""]",0.7469961643218994,"['e4a11fd5c34942ba12737f1c8c084489428ee274', 'aca23027da1295c78fdf42ba9687d8ccc88784d7', 'e9617f0854030e70365eb264bcb3b58078e79e9e', '9ef5c0d14193a9abb09b39856f58477d1f4b0d77', '4cbbd2552ba0de273e1dfe7d453c5b3efed751a3']",0.8,0.8,0.8000000000000002,False,0.2857142857142857,1024,False,5
"[""fix"", ""docs"", ""test"", ""build"", ""feat"", ""fix""]","[""feat"", ""fix"", ""ci"", ""docs"", ""test""]",0.8628661632537842,"['f9a094918b62534614c47aa8a13f33aec751a1e0', '2561f4ade46fc9d59f289f328cc77733a6443697', '45837af24a33308a70a3454f0f650f9fe728e272', '036a0ff49a7dade0e04c9c07071a1ff49133ee24', 'b7ce2894fd1794064bd6db4ed730bb6cb7728739']",0.8,0.8,0.8000000000000002,False,0.2857142857142857,1024,False,5
"[""docs"", ""build"", ""fix"", ""feat"", ""refactor""]","[""feat"", ""refactor"", ""build"", ""fix"", ""docs""]",0.7702069282531738,"['ded26d768ff432ad3bde3c0aa1e95ce50726100a', '062daa45cbd5dba6e96e95d8cdcaee89ae30a83c', '37b1cbfd3d2c462ef4f2a131e4172c38dc8d9ddf', '933ab6bb86372913c992567cf9660009900911a7', '036a0ff49a7dade0e04c9c07071a1ff49133ee24']",1.0,1.0,1.0,True,0.0,1024,False,5
"[""test"", ""fix"", ""docs"", ""refactor""]","[""test"", ""build"", ""feat"", ""fix"", ""docs""]",0.7009642124176025,"['f411e58cd510f8a2b980b2f1932003a0c0e9f8f3', 'c44cf88a6ec54e5ddd99d8348bcc57b301ec7945', '1bcf88670b50155b50071e707f98f30cea0b7a24', '9be725fa3906323d4bc9788f54eccf74109d632b', 'a52a585d74894b3b4eeb8c784fa089ff95cddad0']",0.75,0.6,0.6666666666666665,False,0.42857142857142855,1024,False,5
"[""build"", ""docs"", ""test"", ""ci""]","[""fix"", ""feat"", ""test"", ""ci"", ""docs""]",0.6206448078155518,"['933ab6bb86372913c992567cf9660009900911a7', '6ed56ce9ae743ba9a87e6c9643cc06b1de7b748d', 'e2e8ad25854bd1e7cdbc7f50b50bbd99e04ad47d', 'e96487ad7ce90b141219d9032fa2bed68d5dae6a', '036a0ff49a7dade0e04c9c07071a1ff49133ee24']",0.75,0.6,0.6666666666666665,False,0.42857142857142855,1024,False,5
"[""fix"", ""build"", ""docs"", ""refactor""]","[""test"", ""refactor"", ""ci"", ""build"", ""fix""]",0.6524450778961182,"['e0198f74b81da3663144cfe1d971939319f82a0f', '3cca5c314ad6feeffbfe1f14cf49ebd0fd9a95a2', '45837af24a33308a70a3454f0f650f9fe728e272', '5b81fde8a72cf2e69a10e9f5c4f0bea0a2b8c3e0', '9ef5c0d14193a9abb09b39856f58477d1f4b0d77']",0.75,0.6,0.6666666666666665,False,0.42857142857142855,1024,False,5
"[""build"", ""test"", ""ci""]","[""build"", ""feat"", ""refactor"", ""ci"", ""test""]",0.5265793800354004,"['c55591ba157298a9c5816693c102a89dfd058830', '1bcf88670b50155b50071e707f98f30cea0b7a24', '1db13ec43727aca872a0f3836e4023ed85db665e', 'dbb537a26e388a8d7d17faf131abc30c2f7a84e6', 'e2e8ad25854bd1e7cdbc7f50b50bbd99e04ad47d']",1.0,0.6,0.7499999999999999,False,0.2857142857142857,1024,False,5
"[""fix"", ""docs"", ""docs"", ""refactor"", ""build"", ""fix""]","[""feat"", ""refactor"", ""test"", ""ci"", ""build""]",0.863666296005249,"['e137f9fdbdb6bf3f85c3f7ac9323785e445844c8', 'a62314d9bb632be6af026686615d14b912250512', 'b7ce2894fd1794064bd6db4ed730bb6cb7728739', '45837af24a33308a70a3454f0f650f9fe728e272', '454003841aabeb74396d73541378bfa59c75b5db']",0.5,0.4,0.4444444444444445,False,0.7142857142857143,1024,False,5
"[""docs"", ""test"", ""build"", ""feat""]","[""test"", ""fix"", ""build"", ""refactor"", ""docs""]",0.6434922218322754,"['317f4eefecddfb1392ca71d551840f446feee302', '06e2be4e2019b6fa714e1fcb34485860ef1ede79', '32b92cfa0b74a6c25990e32ac6aab12b8496794c', '535708ae50aecb452560a23356fd396f99ef13a2', 'aca23027da1295c78fdf42ba9687d8ccc88784d7']",0.75,0.6,0.6666666666666665,False,0.42857142857142855,1024,False,5
"[""build"", ""fix"", ""docs"", ""refactor""]","[""ci"", ""feat"", ""build"", ""fix"", ""test""]",0.6867334842681885,"['173553c0372e66e03bdab19e0e6c2dd44daa14a0', '6ed56ce9ae743ba9a87e6c9643cc06b1de7b748d', '32b92cfa0b74a6c25990e32ac6aab12b8496794c', '933ab6bb86372913c992567cf9660009900911a7', 'e9617f0854030e70365eb264bcb3b58078e79e9e']",0.5,0.4,0.4444444444444445,False,0.7142857142857143,1024,False,5
"[""ci"", ""refactor"", ""fix"", ""feat"", ""build""]","[""ci"", ""test"", ""fix"", ""feat"", ""build""]",0.7391986846923828,"['dbb537a26e388a8d7d17faf131abc30c2f7a84e6', 'e2e8ad25854bd1e7cdbc7f50b50bbd99e04ad47d', '933ab6bb86372913c992567cf9660009900911a7', 'b282e90e2cbb74559aab79eee8443a4d7c85502a', 'c55591ba157298a9c5816693c102a89dfd058830']",0.8,0.8,0.8000000000000002,False,0.2857142857142857,1024,False,5
"[""test"", ""build"", ""fix"", ""feat"", ""ci""]","[""test"", ""build"", ""feat"", ""fix"", ""ci""]",0.7507669925689697,"['317f4eefecddfb1392ca71d551840f446feee302', 'e4a11fd5c34942ba12737f1c8c084489428ee274', 'ded26d768ff432ad3bde3c0aa1e95ce50726100a', 'd129eaf9125a967ac86c6c7276bbae6b4d50af36', '173553c0372e66e03bdab19e0e6c2dd44daa14a0']",1.0,1.0,1.0,True,0.0,1024,False,5
"[""docs""]","[""test"", ""build"", ""refactor"", ""docs"", ""feat""]",0.3688175678253174,"['bedc7950b24c37809e36a585b7985d5aa5e3e458', '5b81fde8a72cf2e69a10e9f5c4f0bea0a2b8c3e0', '47ef9104e4a89e80d7cc6c1950bc080841da4a7b', 'aca23027da1295c78fdf42ba9687d8ccc88784d7', 'f823cf28652987d43c8324b4f5b203240032383a']",1.0,0.2,0.33333333333333337,False,0.5714285714285714,1024,False,5
"[""build"", ""ci"", ""refactor"", ""docs"", ""test""]","[""build"", ""ci"", ""feat"", ""docs"", ""fix""]",0.7457101345062256,"['5b81fde8a72cf2e69a10e9f5c4f0bea0a2b8c3e0', 'c5fa7b80438fbd74f4c341f0d3c9bd9e0f4910da', '68278b00450f2679761a2999500f6d87a579376b', 'a52a585d74894b3b4eeb8c784fa089ff95cddad0', '06e2be4e2019b6fa714e1fcb34485860ef1ede79']",0.6,0.6,0.6,False,0.5714285714285714,1024,False,5
"[""build"", ""docs"", ""fix"", ""test"", ""refactor""]","[""test"", ""build"", ""refactor"", ""fix"", ""ci""]",0.7445905208587646,"['e0198f74b81da3663144cfe1d971939319f82a0f', '5b81fde8a72cf2e69a10e9f5c4f0bea0a2b8c3e0', '3cca5c314ad6feeffbfe1f14cf49ebd0fd9a95a2', '87d5d4e55ab7149b593d29410f1fe426ba2447d4', '74e9de5ec97dc013a52aa063dff0f40ac74c407b']",0.8,0.8,0.8000000000000002,False,0.2857142857142857,1024,False,5
"[""build"", ""fix"", ""docs"", ""ci"", ""feat""]","[""feat"", ""build"", ""fix"", ""ci"", ""test""]",0.7414541244506836,"['6ed56ce9ae743ba9a87e6c9643cc06b1de7b748d', 'c323d59c607cabc91f17a78528d998f376f30b10', '87d5d4e55ab7149b593d29410f1fe426ba2447d4', 'c5fa7b80438fbd74f4c341f0d3c9bd9e0f4910da', 'e9617f0854030e70365eb264bcb3b58078e79e9e']",0.8,0.8,0.8000000000000002,False,0.2857142857142857,1024,False,5
"[""build"", ""fix"", ""test"", ""feat"", ""docs""]","[""build"", ""test"", ""refactor"", ""feat"", ""ci""]",0.7219409942626953,"['5b81fde8a72cf2e69a10e9f5c4f0bea0a2b8c3e0', 'e9617f0854030e70365eb264bcb3b58078e79e9e', '2954a0955ce9af6acb345ed1e8328e145ad30475', '68278b00450f2679761a2999500f6d87a579376b', 'e96487ad7ce90b141219d9032fa2bed68d5dae6a']",0.6,0.6,0.6,False,0.5714285714285714,1024,False,5
"[""build"", ""feat"", ""fix""]","[""ci"", ""refactor"", ""docs"", ""feat"", ""fix""]",0.550299882888794,"['4cbbd2552ba0de273e1dfe7d453c5b3efed751a3', '535708ae50aecb452560a23356fd396f99ef13a2', 'e12d9e77a6fd531a22325337838a841b1c67f00d', 'fd8e563cc19ca4684885d4692acee6bebcca4ada', '9be725fa3906323d4bc9788f54eccf74109d632b']",0.6666666666666666,0.4,0.5,False,0.5714285714285714,1024,False,5
"[""ci"", ""refactor"", ""docs"", ""test"", ""build""]","[""ci"", ""fix"", ""feat"", ""docs"", ""refactor""]",0.7712883949279785,"['c5fa7b80438fbd74f4c341f0d3c9bd9e0f4910da', 'bed78248c941d57ad4cc20a455147e186e97c7a1', 'b282e90e2cbb74559aab79eee8443a4d7c85502a', 'bf83c9155e9bee6925aa7102fab53fb803d52533', '771857b1df9470ebc15357e8879118a72c649d5b']",0.6,0.6,0.6,False,0.5714285714285714,1024,False,5
